# Blender 5.1.1
# www.blender.org
mtllib sniper_tower.mtl
o Base_Plate
v -0.765000 0.000000 0.765000
v -0.765000 0.010000 0.850000
v -0.850000 0.010000 0.765000
v -0.765000 0.002929 0.825104
v -0.814075 0.004226 0.814075
v -0.825104 0.010000 0.825104
v -0.825104 0.002929 0.765000
v -0.765000 0.190000 0.850000
v -0.765000 0.200000 0.765000
v -0.850000 0.190000 0.765000
v -0.765000 0.197071 0.825104
v -0.814075 0.195774 0.814075
v -0.825104 0.197071 0.765000
v -0.825104 0.190000 0.825104
v -0.765000 0.000000 -0.765000
v -0.850000 0.010000 -0.765000
v -0.765000 0.010000 -0.850000
v -0.825104 0.002929 -0.765000
v -0.814075 0.004226 -0.814075
v -0.825104 0.010000 -0.825104
v -0.765000 0.002929 -0.825104
v -0.765000 0.200000 -0.765000
v -0.765000 0.190000 -0.850000
v -0.850000 0.190000 -0.765000
v -0.765000 0.197071 -0.825104
v -0.814075 0.195774 -0.814075
v -0.825104 0.190000 -0.825104
v -0.825104 0.197071 -0.765000
v 0.765000 0.000000 0.765000
v 0.850000 0.010000 0.765000
v 0.765000 0.010000 0.850000
v 0.825104 0.002929 0.765000
v 0.814075 0.004226 0.814075
v 0.825104 0.010000 0.825104
v 0.765000 0.002929 0.825104
v 0.765000 0.200000 0.765000
v 0.765000 0.190000 0.850000
v 0.850000 0.190000 0.765000
v 0.765000 0.197071 0.825104
v 0.814075 0.195774 0.814075
v 0.825104 0.190000 0.825104
v 0.825104 0.197071 0.765000
v 0.765000 0.000000 -0.765000
v 0.765000 0.010000 -0.850000
v 0.850000 0.010000 -0.765000
v 0.765000 0.002929 -0.825104
v 0.814075 0.004226 -0.814075
v 0.825104 0.010000 -0.825104
v 0.825104 0.002929 -0.765000
v 0.765000 0.200000 -0.765000
v 0.850000 0.190000 -0.765000
v 0.765000 0.190000 -0.850000
v 0.825104 0.197071 -0.765000
v 0.814075 0.195774 -0.814075
v 0.825104 0.190000 -0.825104
v 0.765000 0.197071 -0.825104
vn -0.0430 -0.9982 0.0430
vn -0.1113 -0.9461 0.3041
vn -0.3041 -0.9461 0.1113
vn -0.1113 0.9461 0.3041
vn -0.0430 0.9982 0.0430
vn -0.3041 0.9461 0.1113
vn -0.0430 -0.9982 -0.0430
vn -0.3041 -0.9461 -0.1113
vn -0.1113 -0.9461 -0.3041
vn -0.0430 0.9982 -0.0430
vn -0.1113 0.9461 -0.3041
vn -0.3041 0.9461 -0.1113
vn 0.0430 -0.9982 0.0430
vn 0.3041 -0.9461 0.1113
vn 0.1113 -0.9461 0.3041
vn 0.0430 0.9982 0.0430
vn 0.1113 0.9461 0.3041
vn 0.3041 0.9461 0.1113
vn 0.0430 -0.9982 -0.0430
vn 0.1113 -0.9461 -0.3041
vn 0.3041 -0.9461 -0.1113
vn 0.0430 0.9982 -0.0430
vn 0.3041 0.9461 -0.1113
vn 0.1113 0.9461 -0.3041
vn -0.0487 -0.9988 -0.0000
vn -0.2732 -0.9620 -0.0000
vn -0.3827 -0.0000 0.9239
vn -0.9239 -0.0000 0.3827
vn -0.0487 0.9988 -0.0000
vn -0.2732 0.9620 -0.0000
vn -0.3827 -0.0000 -0.9239
vn -0.9239 -0.0000 -0.3827
vn -0.0000 -0.9988 -0.0487
vn -0.0000 -0.9620 -0.2732
vn -0.0000 0.9988 -0.0487
vn -0.0000 0.9620 -0.2732
vn 0.9239 -0.0000 -0.3827
vn 0.3827 -0.0000 -0.9239
vn 0.0487 -0.9988 -0.0000
vn 0.2732 -0.9620 -0.0000
vn 0.0487 0.9988 -0.0000
vn 0.2732 0.9620 -0.0000
vn 0.3827 -0.0000 0.9239
vn 0.9239 -0.0000 0.3827
vn -0.0000 -0.9988 0.0487
vn -0.0000 -0.9620 0.2732
vn -0.0000 0.9988 0.0487
vn -0.0000 0.9620 0.2732
vn -0.0000 -1.0000 -0.0000
vn -1.0000 -0.0000 -0.0000
vn -0.0000 -0.0000 1.0000
vn -0.0000 1.0000 -0.0000
vn -0.0000 -0.0000 -1.0000
vn 1.0000 -0.0000 -0.0000
vt 0.137500 0.737500
vt 0.137500 0.750000
vt 0.130283 0.750000
vt 0.125000 0.737500
vt 0.387500 0.987500
vt 0.387500 1.000000
vt 0.380283 1.000000
vt 0.375000 0.987500
vt 0.387500 0.012500
vt 0.375000 0.012500
vt 0.375000 0.005283
vt 0.387500 0.000000
vt 0.612500 0.987500
vt 0.625000 0.987500
vt 0.625000 0.994717
vt 0.612500 1.000000
vt 0.862500 0.737500
vt 0.875000 0.737500
vt 0.875000 0.744717
vt 0.862500 0.750000
vt 0.612500 0.012500
vt 0.612500 0.000000
vt 0.619717 0.000000
vt 0.625000 0.012500
vt 0.137500 0.512500
vt 0.125000 0.512500
vt 0.125000 0.505283
vt 0.137500 0.500000
vt 0.387500 0.237500
vt 0.387500 0.250000
vt 0.377642 0.252642
vt 0.375000 0.237500
vt 0.387500 0.262500
vt 0.375000 0.262500
vt 0.862500 0.512500
vt 0.862500 0.500000
vt 0.869717 0.500000
vt 0.875000 0.512500
vt 0.612500 0.262500
vt 0.612500 0.250000
vt 0.622358 0.247358
vt 0.625000 0.262500
vt 0.612500 0.237500
vt 0.625000 0.237500
vt 0.362500 0.737500
vt 0.375000 0.737500
vt 0.376761 0.750000
vt 0.368750 0.756250
vt 0.387500 0.737500
vt 0.387500 0.750000
vt 0.387500 0.762500
vt 0.637500 0.737500
vt 0.631250 0.756250
vt 0.625000 0.748239
vt 0.625000 0.737500
vt 0.612500 0.762500
vt 0.612500 0.750000
vt 0.612500 0.737500
vt 0.362500 0.512500
vt 0.368750 0.493750
vt 0.375000 0.501761
vt 0.375000 0.512500
vt 0.387500 0.487500
vt 0.387500 0.500000
vt 0.387500 0.512500
vt 0.637500 0.512500
vt 0.625000 0.512500
vt 0.623239 0.500000
vt 0.631250 0.493750
vt 0.612500 0.512500
vt 0.612500 0.500000
vt 0.612500 0.487500
s 0
usemtl Body
f 1/1/1 4/2/1 5/3/1 7/4/1
f 2/5/2 6/6/2 5/7/2 4/8/2
f 3/9/3 7/10/3 5/11/3 6/12/3
f 8/13/4 11/14/4 12/15/4 14/16/4
f 9/17/5 13/18/5 12/19/5 11/20/5
f 10/21/6 14/22/6 12/23/6 13/24/6
f 15/25/7 18/26/7 19/27/7 21/28/7
f 16/29/8 20/30/8 19/31/8 18/32/8
f 17/33/9 21/34/9 19/31/9 20/30/9
f 22/35/10 25/36/10 26/37/10 28/38/10
f 23/39/11 27/40/11 26/41/11 25/42/11
f 24/43/12 28/44/12 26/41/12 27/40/12
f 29/45/13 32/46/13 33/47/13 35/48/13
f 30/49/14 34/50/14 33/47/14 32/46/14
f 31/51/15 35/48/15 33/47/15 34/50/15
f 36/52/16 39/53/16 40/54/16 42/55/16
f 37/56/17 41/57/17 40/54/17 39/53/17
f 38/58/18 42/55/18 40/54/18 41/57/18
f 43/59/19 46/60/19 47/61/19 49/62/19
f 44/63/20 48/64/20 47/61/20 46/60/20
f 45/65/21 49/62/21 47/61/21 48/64/21
f 50/66/22 53/67/22 54/68/22 56/69/22
f 51/70/23 55/71/23 54/68/23 53/67/23
f 52/72/24 56/69/24 54/68/24 55/71/24
f 15/25/25 1/1/25 7/4/25 18/26/25
f 18/32/26 7/10/26 3/9/26 16/29/26
f 2/5/27 8/13/27 14/16/27 6/6/27
f 6/12/28 14/22/28 10/21/28 3/9/28
f 9/17/29 22/35/29 28/38/29 13/18/29
f 13/24/30 28/44/30 24/43/30 10/21/30
f 23/39/31 17/33/31 20/30/31 27/40/31
f 27/40/32 20/30/32 16/29/32 24/43/32
f 43/59/33 15/25/33 21/28/33 46/60/33
f 46/60/34 21/34/34 17/33/34 44/63/34
f 22/35/35 50/66/35 56/69/35 25/36/35
f 25/42/36 56/69/36 52/72/36 23/39/36
f 51/70/37 45/65/37 48/64/37 55/71/37
f 55/71/38 48/64/38 44/63/38 52/72/38
f 29/45/39 43/59/39 49/62/39 32/46/39
f 32/46/40 49/62/40 45/65/40 30/49/40
f 50/66/41 36/52/41 42/55/41 53/67/41
f 53/67/42 42/55/42 38/58/42 51/70/42
f 37/56/43 31/51/43 34/50/43 41/57/43
f 41/57/44 34/50/44 30/49/44 38/58/44
f 1/1/45 29/45/45 35/48/45 4/2/45
f 4/8/46 35/48/46 31/51/46 2/5/46
f 36/52/47 9/17/47 11/20/47 39/53/47
f 39/53/48 11/14/48 8/13/48 37/56/48
f 15/25/49 43/59/49 29/45/49 1/1/49
f 3/9/50 10/21/50 24/43/50 16/29/50
f 31/51/51 37/56/51 8/13/51 2/5/51
f 50/66/52 22/35/52 9/17/52 36/52/52
f 17/33/53 23/39/53 52/72/53 44/63/53
f 45/65/54 51/70/54 38/58/54 30/49/54
o Foot_0
v 0.548200 0.010000 -0.548200
v 0.548200 0.028200 -0.530000
v 0.530000 0.028200 -0.548200
v 0.548200 0.015331 -0.535331
v 0.537692 0.017692 -0.537692
v 0.535331 0.028200 -0.535331
v 0.535331 0.015331 -0.548200
v 0.548200 0.251800 -0.530000
v 0.548200 0.270000 -0.548200
v 0.530000 0.251800 -0.548200
v 0.548200 0.264669 -0.535331
v 0.537692 0.262308 -0.537692
v 0.535331 0.264669 -0.548200
v 0.535331 0.251800 -0.535331
v 0.548200 0.010000 -0.771800
v 0.530000 0.028200 -0.771800
v 0.548200 0.028200 -0.790000
v 0.535331 0.015331 -0.771800
v 0.537692 0.017692 -0.782308
v 0.535331 0.028200 -0.784669
v 0.548200 0.015331 -0.784669
v 0.548200 0.270000 -0.771800
v 0.548200 0.251800 -0.790000
v 0.530000 0.251800 -0.771800
v 0.548200 0.264669 -0.784669
v 0.537692 0.262308 -0.782308
v 0.535331 0.251800 -0.784669
v 0.535331 0.264669 -0.771800
v 0.771800 0.010000 -0.548200
v 0.790000 0.028200 -0.548200
v 0.771800 0.028200 -0.530000
v 0.784669 0.015331 -0.548200
v 0.782308 0.017692 -0.537692
v 0.784669 0.028200 -0.535331
v 0.771800 0.015331 -0.535331
v 0.771800 0.270000 -0.548200
v 0.771800 0.251800 -0.530000
v 0.790000 0.251800 -0.548200
v 0.771800 0.264669 -0.535331
v 0.782308 0.262308 -0.537692
v 0.784669 0.251800 -0.535331
v 0.784669 0.264669 -0.548200
v 0.771800 0.010000 -0.771800
v 0.771800 0.028200 -0.790000
v 0.790000 0.028200 -0.771800
v 0.771800 0.015331 -0.784669
v 0.782308 0.017692 -0.782308
v 0.784669 0.028200 -0.784669
v 0.784669 0.015331 -0.771800
v 0.771800 0.270000 -0.771800
v 0.790000 0.251800 -0.771800
v 0.771800 0.251800 -0.790000
v 0.784669 0.264669 -0.771800
v 0.782308 0.262308 -0.782308
v 0.784669 0.251800 -0.784669
v 0.771800 0.264669 -0.784669
vn -0.3251 -0.8881 0.3251
vn -0.3251 -0.3251 0.8881
vn -0.8881 -0.3251 0.3251
vn -0.3251 0.3251 0.8881
vn -0.3251 0.8881 0.3251
vn -0.8881 0.3251 0.3251
vn -0.3251 -0.8881 -0.3251
vn -0.8881 -0.3251 -0.3251
vn -0.3251 -0.3251 -0.8881
vn -0.3251 0.8881 -0.3251
vn -0.3251 0.3251 -0.8881
vn -0.8881 0.3251 -0.3251
vn 0.3251 -0.8881 0.3251
vn 0.8881 -0.3251 0.3251
vn 0.3251 -0.3251 0.8881
vn 0.3251 0.8881 0.3251
vn 0.3251 0.3251 0.8881
vn 0.8881 0.3251 0.3251
vn 0.3251 -0.8881 -0.3251
vn 0.3251 -0.3251 -0.8881
vn 0.8881 -0.3251 -0.3251
vn 0.3251 0.8881 -0.3251
vn 0.8881 0.3251 -0.3251
vn 0.3251 0.3251 -0.8881
vn -0.3827 -0.9239 -0.0000
vn -0.9239 -0.3827 -0.0000
vn -0.3827 -0.0000 0.9239
vn -0.9239 -0.0000 0.3827
vn -0.3827 0.9239 -0.0000
vn -0.9239 0.3827 -0.0000
vn -0.3827 -0.0000 -0.9239
vn -0.9239 -0.0000 -0.3827
vn -0.0000 -0.9239 -0.3827
vn -0.0000 -0.3827 -0.9239
vn -0.0000 0.9239 -0.3827
vn -0.0000 0.3827 -0.9239
vn 0.9239 -0.0000 -0.3827
vn 0.3827 -0.0000 -0.9239
vn 0.3827 -0.9239 -0.0000
vn 0.9239 -0.3827 -0.0000
vn 0.3827 0.9239 -0.0000
vn 0.9239 0.3827 -0.0000
vn 0.3827 -0.0000 0.9239
vn 0.9239 -0.0000 0.3827
vn -0.0000 -0.9239 0.3827
vn -0.0000 -0.3827 0.9239
vn -0.0000 0.9239 0.3827
vn -0.0000 0.3827 0.9239
vn -0.0000 -1.0000 -0.0000
vn -1.0000 -0.0000 -0.0000
vn -0.0000 -0.0000 1.0000
vn -0.0000 1.0000 -0.0000
vn -0.0000 -0.0000 -1.0000
vn 1.0000 -0.0000 -0.0000
vt 0.142500 0.732500
vt 0.142500 0.750000
vt 0.132396 0.750000
vt 0.125000 0.732500
vt 0.392500 0.982500
vt 0.392500 1.000000
vt 0.382396 1.000000
vt 0.375000 0.982500
vt 0.392500 0.017500
vt 0.375000 0.017500
vt 0.375000 0.007396
vt 0.392500 0.000000
vt 0.607500 0.982500
vt 0.625000 0.982500
vt 0.625000 0.992604
vt 0.607500 1.000000
vt 0.857500 0.732500
vt 0.875000 0.732500
vt 0.875000 0.742604
vt 0.857500 0.750000
vt 0.607500 0.017500
vt 0.607500 0.000000
vt 0.617604 0.000000
vt 0.625000 0.017500
vt 0.142500 0.517500
vt 0.125000 0.517500
vt 0.125000 0.507396
vt 0.142500 0.500000
vt 0.392500 0.232500
vt 0.392500 0.250000
vt 0.378698 0.253698
vt 0.375000 0.232500
vt 0.392500 0.267500
vt 0.375000 0.267500
vt 0.857500 0.517500
vt 0.857500 0.500000
vt 0.867604 0.500000
vt 0.875000 0.517500
vt 0.607500 0.267500
vt 0.607500 0.250000
vt 0.621302 0.246302
vt 0.625000 0.267500
vt 0.607500 0.232500
vt 0.625000 0.232500
vt 0.357500 0.732500
vt 0.375000 0.732500
vt 0.377465 0.750000
vt 0.366250 0.758750
vt 0.392500 0.732500
vt 0.392500 0.750000
vt 0.392500 0.767500
vt 0.642500 0.732500
vt 0.633750 0.758750
vt 0.625000 0.747535
vt 0.625000 0.732500
vt 0.607500 0.767500
vt 0.607500 0.750000
vt 0.607500 0.732500
vt 0.357500 0.517500
vt 0.366250 0.491250
vt 0.375000 0.502465
vt 0.375000 0.517500
vt 0.392500 0.482500
vt 0.392500 0.500000
vt 0.392500 0.517500
vt 0.642500 0.517500
vt 0.625000 0.517500
vt 0.622535 0.500000
vt 0.633750 0.491250
vt 0.607500 0.517500
vt 0.607500 0.500000
vt 0.607500 0.482500
s 0
usemtl Dark
f 57/73/55 60/74/55 61/75/55 63/76/55
f 58/77/56 62/78/56 61/79/56 60/80/56
f 59/81/57 63/82/57 61/83/57 62/84/57
f 64/85/58 67/86/58 68/87/58 70/88/58
f 65/89/59 69/90/59 68/91/59 67/92/59
f 66/93/60 70/94/60 68/95/60 69/96/60
f 71/97/61 74/98/61 75/99/61 77/100/61
f 72/101/62 76/102/62 75/103/62 74/104/62
f 73/105/63 77/106/63 75/103/63 76/102/63
f 78/107/64 81/108/64 82/109/64 84/110/64
f 79/111/65 83/112/65 82/113/65 81/114/65
f 80/115/66 84/116/66 82/113/66 83/112/66
f 85/117/67 88/118/67 89/119/67 91/120/67
f 86/121/68 90/122/68 89/119/68 88/118/68
f 87/123/69 91/120/69 89/119/69 90/122/69
f 92/124/70 95/125/70 96/126/70 98/127/70
f 93/128/71 97/129/71 96/126/71 95/125/71
f 94/130/72 98/127/72 96/126/72 97/129/72
f 99/131/73 102/132/73 103/133/73 105/134/73
f 100/135/74 104/136/74 103/133/74 102/132/74
f 101/137/75 105/134/75 103/133/75 104/136/75
f 106/138/76 109/139/76 110/140/76 112/141/76
f 107/142/77 111/143/77 110/140/77 109/139/77
f 108/144/78 112/141/78 110/140/78 111/143/78
f 71/97/79 57/73/79 63/76/79 74/98/79
f 74/104/80 63/82/80 59/81/80 72/101/80
f 58/77/81 64/85/81 70/88/81 62/78/81
f 62/84/82 70/94/82 66/93/82 59/81/82
f 65/89/83 78/107/83 84/110/83 69/90/83
f 69/96/84 84/116/84 80/115/84 66/93/84
f 79/111/85 73/105/85 76/102/85 83/112/85
f 83/112/86 76/102/86 72/101/86 80/115/86
f 99/131/87 71/97/87 77/100/87 102/132/87
f 102/132/88 77/106/88 73/105/88 100/135/88
f 78/107/89 106/138/89 112/141/89 81/108/89
f 81/114/90 112/141/90 108/144/90 79/111/90
f 107/142/91 101/137/91 104/136/91 111/143/91
f 111/143/92 104/136/92 100/135/92 108/144/92
f 85/117/93 99/131/93 105/134/93 88/118/93
f 88/118/94 105/134/94 101/137/94 86/121/94
f 106/138/95 92/124/95 98/127/95 109/139/95
f 109/139/96 98/127/96 94/130/96 107/142/96
f 93/128/97 87/123/97 90/122/97 97/129/97
f 97/129/98 90/122/98 86/121/98 94/130/98
f 57/73/99 85/117/99 91/120/99 60/74/99
f 60/80/100 91/120/100 87/123/100 58/77/100
f 92/124/101 65/89/101 67/92/101 95/125/101
f 95/125/102 67/86/102 64/85/102 93/128/102
f 71/97/103 99/131/103 85/117/103 57/73/103
f 59/81/104 66/93/104 80/115/104 72/101/104
f 87/123/105 93/128/105 64/85/105 58/77/105
f 106/138/106 78/107/106 65/89/106 92/124/106
f 73/105/107 79/111/107 108/144/107 100/135/107
f 101/137/108 107/142/108 94/130/108 86/121/108
o Foot_1
v 0.548200 0.010000 0.771800
v 0.548200 0.028200 0.790000
v 0.530000 0.028200 0.771800
v 0.548200 0.015331 0.784669
v 0.537692 0.017692 0.782308
v 0.535331 0.028200 0.784669
v 0.535331 0.015331 0.771800
v 0.548200 0.251800 0.790000
v 0.548200 0.270000 0.771800
v 0.530000 0.251800 0.771800
v 0.548200 0.264669 0.784669
v 0.537692 0.262308 0.782308
v 0.535331 0.264669 0.771800
v 0.535331 0.251800 0.784669
v 0.548200 0.010000 0.548200
v 0.530000 0.028200 0.548200
v 0.548200 0.028200 0.530000
v 0.535331 0.015331 0.548200
v 0.537692 0.017692 0.537692
v 0.535331 0.028200 0.535331
v 0.548200 0.015331 0.535331
v 0.548200 0.270000 0.548200
v 0.548200 0.251800 0.530000
v 0.530000 0.251800 0.548200
v 0.548200 0.264669 0.535331
v 0.537692 0.262308 0.537692
v 0.535331 0.251800 0.535331
v 0.535331 0.264669 0.548200
v 0.771800 0.010000 0.771800
v 0.790000 0.028200 0.771800
v 0.771800 0.028200 0.790000
v 0.784669 0.015331 0.771800
v 0.782308 0.017692 0.782308
v 0.784669 0.028200 0.784669
v 0.771800 0.015331 0.784669
v 0.771800 0.270000 0.771800
v 0.771800 0.251800 0.790000
v 0.790000 0.251800 0.771800
v 0.771800 0.264669 0.784669
v 0.782308 0.262308 0.782308
v 0.784669 0.251800 0.784669
v 0.784669 0.264669 0.771800
v 0.771800 0.010000 0.548200
v 0.771800 0.028200 0.530000
v 0.790000 0.028200 0.548200
v 0.771800 0.015331 0.535331
v 0.782308 0.017692 0.537692
v 0.784669 0.028200 0.535331
v 0.784669 0.015331 0.548200
v 0.771800 0.270000 0.548200
v 0.790000 0.251800 0.548200
v 0.771800 0.251800 0.530000
v 0.784669 0.264669 0.548200
v 0.782308 0.262308 0.537692
v 0.784669 0.251800 0.535331
v 0.771800 0.264669 0.535331
vn -0.3251 -0.8881 0.3251
vn -0.3251 -0.3251 0.8881
vn -0.8881 -0.3251 0.3251
vn -0.3251 0.3251 0.8881
vn -0.3251 0.8881 0.3251
vn -0.8881 0.3251 0.3251
vn -0.3251 -0.8881 -0.3251
vn -0.8881 -0.3251 -0.3251
vn -0.3251 -0.3251 -0.8881
vn -0.3251 0.8881 -0.3251
vn -0.3251 0.3251 -0.8881
vn -0.8881 0.3251 -0.3251
vn 0.3251 -0.8881 0.3251
vn 0.8881 -0.3251 0.3251
vn 0.3251 -0.3251 0.8881
vn 0.3251 0.8881 0.3251
vn 0.3251 0.3251 0.8881
vn 0.8881 0.3251 0.3251
vn 0.3251 -0.8881 -0.3251
vn 0.3251 -0.3251 -0.8881
vn 0.8881 -0.3251 -0.3251
vn 0.3251 0.8881 -0.3251
vn 0.8881 0.3251 -0.3251
vn 0.3251 0.3251 -0.8881
vn -0.3827 -0.9239 -0.0000
vn -0.9239 -0.3827 -0.0000
vn -0.3827 -0.0000 0.9239
vn -0.9239 -0.0000 0.3827
vn -0.3827 0.9239 -0.0000
vn -0.9239 0.3827 -0.0000
vn -0.3827 -0.0000 -0.9239
vn -0.9239 -0.0000 -0.3827
vn -0.0000 -0.9239 -0.3827
vn -0.0000 -0.3827 -0.9239
vn -0.0000 0.9239 -0.3827
vn -0.0000 0.3827 -0.9239
vn 0.9239 -0.0000 -0.3827
vn 0.3827 -0.0000 -0.9239
vn 0.3827 -0.9239 -0.0000
vn 0.9239 -0.3827 -0.0000
vn 0.3827 0.9239 -0.0000
vn 0.9239 0.3827 -0.0000
vn 0.3827 -0.0000 0.9239
vn 0.9239 -0.0000 0.3827
vn -0.0000 -0.9239 0.3827
vn -0.0000 -0.3827 0.9239
vn -0.0000 0.9239 0.3827
vn -0.0000 0.3827 0.9239
vn -0.0000 -1.0000 -0.0000
vn -1.0000 -0.0000 -0.0000
vn -0.0000 -0.0000 1.0000
vn -0.0000 1.0000 -0.0000
vn -0.0000 -0.0000 -1.0000
vn 1.0000 -0.0000 -0.0000
vt 0.142500 0.732500
vt 0.142500 0.750000
vt 0.132396 0.750000
vt 0.125000 0.732500
vt 0.392500 0.982500
vt 0.392500 1.000000
vt 0.382396 1.000000
vt 0.375000 0.982500
vt 0.392500 0.017500
vt 0.375000 0.017500
vt 0.375000 0.007396
vt 0.392500 0.000000
vt 0.607500 0.982500
vt 0.625000 0.982500
vt 0.625000 0.992604
vt 0.607500 1.000000
vt 0.857500 0.732500
vt 0.875000 0.732500
vt 0.875000 0.742604
vt 0.857500 0.750000
vt 0.607500 0.017500
vt 0.607500 0.000000
vt 0.617604 0.000000
vt 0.625000 0.017500
vt 0.142500 0.517500
vt 0.125000 0.517500
vt 0.125000 0.507396
vt 0.142500 0.500000
vt 0.392500 0.232500
vt 0.392500 0.250000
vt 0.378698 0.253698
vt 0.375000 0.232500
vt 0.392500 0.267500
vt 0.375000 0.267500
vt 0.857500 0.517500
vt 0.857500 0.500000
vt 0.867604 0.500000
vt 0.875000 0.517500
vt 0.607500 0.267500
vt 0.607500 0.250000
vt 0.621302 0.246302
vt 0.625000 0.267500
vt 0.607500 0.232500
vt 0.625000 0.232500
vt 0.357500 0.732500
vt 0.375000 0.732500
vt 0.377465 0.750000
vt 0.366250 0.758750
vt 0.392500 0.732500
vt 0.392500 0.750000
vt 0.392500 0.767500
vt 0.642500 0.732500
vt 0.633750 0.758750
vt 0.625000 0.747535
vt 0.625000 0.732500
vt 0.607500 0.767500
vt 0.607500 0.750000
vt 0.607500 0.732500
vt 0.357500 0.517500
vt 0.366250 0.491250
vt 0.375000 0.502465
vt 0.375000 0.517500
vt 0.392500 0.482500
vt 0.392500 0.500000
vt 0.392500 0.517500
vt 0.642500 0.517500
vt 0.625000 0.517500
vt 0.622535 0.500000
vt 0.633750 0.491250
vt 0.607500 0.517500
vt 0.607500 0.500000
vt 0.607500 0.482500
s 0
usemtl Dark
f 113/145/109 116/146/109 117/147/109 119/148/109
f 114/149/110 118/150/110 117/151/110 116/152/110
f 115/153/111 119/154/111 117/155/111 118/156/111
f 120/157/112 123/158/112 124/159/112 126/160/112
f 121/161/113 125/162/113 124/163/113 123/164/113
f 122/165/114 126/166/114 124/167/114 125/168/114
f 127/169/115 130/170/115 131/171/115 133/172/115
f 128/173/116 132/174/116 131/175/116 130/176/116
f 129/177/117 133/178/117 131/175/117 132/174/117
f 134/179/118 137/180/118 138/181/118 140/182/118
f 135/183/119 139/184/119 138/185/119 137/186/119
f 136/187/120 140/188/120 138/185/120 139/184/120
f 141/189/121 144/190/121 145/191/121 147/192/121
f 142/193/122 146/194/122 145/191/122 144/190/122
f 143/195/123 147/192/123 145/191/123 146/194/123
f 148/196/124 151/197/124 152/198/124 154/199/124
f 149/200/125 153/201/125 152/198/125 151/197/125
f 150/202/126 154/199/126 152/198/126 153/201/126
f 155/203/127 158/204/127 159/205/127 161/206/127
f 156/207/128 160/208/128 159/205/128 158/204/128
f 157/209/129 161/206/129 159/205/129 160/208/129
f 162/210/130 165/211/130 166/212/130 168/213/130
f 163/214/131 167/215/131 166/212/131 165/211/131
f 164/216/132 168/213/132 166/212/132 167/215/132
f 127/169/133 113/145/133 119/148/133 130/170/133
f 130/176/134 119/154/134 115/153/134 128/173/134
f 114/149/135 120/157/135 126/160/135 118/150/135
f 118/156/136 126/166/136 122/165/136 115/153/136
f 121/161/137 134/179/137 140/182/137 125/162/137
f 125/168/138 140/188/138 136/187/138 122/165/138
f 135/183/139 129/177/139 132/174/139 139/184/139
f 139/184/140 132/174/140 128/173/140 136/187/140
f 155/203/141 127/169/141 133/172/141 158/204/141
f 158/204/142 133/178/142 129/177/142 156/207/142
f 134/179/143 162/210/143 168/213/143 137/180/143
f 137/186/144 168/213/144 164/216/144 135/183/144
f 163/214/145 157/209/145 160/208/145 167/215/145
f 167/215/146 160/208/146 156/207/146 164/216/146
f 141/189/147 155/203/147 161/206/147 144/190/147
f 144/190/148 161/206/148 157/209/148 142/193/148
f 162/210/149 148/196/149 154/199/149 165/211/149
f 165/211/150 154/199/150 150/202/150 163/214/150
f 149/200/151 143/195/151 146/194/151 153/201/151
f 153/201/152 146/194/152 142/193/152 150/202/152
f 113/145/153 141/189/153 147/192/153 116/146/153
f 116/152/154 147/192/154 143/195/154 114/149/154
f 148/196/155 121/161/155 123/164/155 151/197/155
f 151/197/156 123/158/156 120/157/156 149/200/156
f 127/169/157 155/203/157 141/189/157 113/145/157
f 115/153/158 122/165/158 136/187/158 128/173/158
f 143/195/159 149/200/159 120/157/159 114/149/159
f 162/210/160 134/179/160 121/161/160 148/196/160
f 129/177/161 135/183/161 164/216/161 156/207/161
f 157/209/162 163/214/162 150/202/162 142/193/162
o Foot_2
v -0.771800 0.010000 -0.548200
v -0.771800 0.028200 -0.530000
v -0.790000 0.028200 -0.548200
v -0.771800 0.015331 -0.535331
v -0.782308 0.017692 -0.537692
v -0.784669 0.028200 -0.535331
v -0.784669 0.015331 -0.548200
v -0.771800 0.251800 -0.530000
v -0.771800 0.270000 -0.548200
v -0.790000 0.251800 -0.548200
v -0.771800 0.264669 -0.535331
v -0.782308 0.262308 -0.537692
v -0.784669 0.264669 -0.548200
v -0.784669 0.251800 -0.535331
v -0.771800 0.010000 -0.771800
v -0.790000 0.028200 -0.771800
v -0.771800 0.028200 -0.790000
v -0.784669 0.015331 -0.771800
v -0.782308 0.017692 -0.782308
v -0.784669 0.028200 -0.784669
v -0.771800 0.015331 -0.784669
v -0.771800 0.270000 -0.771800
v -0.771800 0.251800 -0.790000
v -0.790000 0.251800 -0.771800
v -0.771800 0.264669 -0.784669
v -0.782308 0.262308 -0.782308
v -0.784669 0.251800 -0.784669
v -0.784669 0.264669 -0.771800
v -0.548200 0.010000 -0.548200
v -0.530000 0.028200 -0.548200
v -0.548200 0.028200 -0.530000
v -0.535331 0.015331 -0.548200
v -0.537692 0.017692 -0.537692
v -0.535331 0.028200 -0.535331
v -0.548200 0.015331 -0.535331
v -0.548200 0.270000 -0.548200
v -0.548200 0.251800 -0.530000
v -0.530000 0.251800 -0.548200
v -0.548200 0.264669 -0.535331
v -0.537692 0.262308 -0.537692
v -0.535331 0.251800 -0.535331
v -0.535331 0.264669 -0.548200
v -0.548200 0.010000 -0.771800
v -0.548200 0.028200 -0.790000
v -0.530000 0.028200 -0.771800
v -0.548200 0.015331 -0.784669
v -0.537692 0.017692 -0.782308
v -0.535331 0.028200 -0.784669
v -0.535331 0.015331 -0.771800
v -0.548200 0.270000 -0.771800
v -0.530000 0.251800 -0.771800
v -0.548200 0.251800 -0.790000
v -0.535331 0.264669 -0.771800
v -0.537692 0.262308 -0.782308
v -0.535331 0.251800 -0.784669
v -0.548200 0.264669 -0.784669
vn -0.3251 -0.8881 0.3251
vn -0.3251 -0.3251 0.8881
vn -0.8881 -0.3251 0.3251
vn -0.3251 0.3251 0.8881
vn -0.3251 0.8881 0.3251
vn -0.8881 0.3251 0.3251
vn -0.3251 -0.8881 -0.3251
vn -0.8881 -0.3251 -0.3251
vn -0.3251 -0.3251 -0.8881
vn -0.3251 0.8881 -0.3251
vn -0.3251 0.3251 -0.8881
vn -0.8881 0.3251 -0.3251
vn 0.3251 -0.8881 0.3251
vn 0.8881 -0.3251 0.3251
vn 0.3251 -0.3251 0.8881
vn 0.3251 0.8881 0.3251
vn 0.3251 0.3251 0.8881
vn 0.8881 0.3251 0.3251
vn 0.3251 -0.8881 -0.3251
vn 0.3251 -0.3251 -0.8881
vn 0.8881 -0.3251 -0.3251
vn 0.3251 0.8881 -0.3251
vn 0.8881 0.3251 -0.3251
vn 0.3251 0.3251 -0.8881
vn -0.3827 -0.9239 -0.0000
vn -0.9239 -0.3827 -0.0000
vn -0.3827 -0.0000 0.9239
vn -0.9239 -0.0000 0.3827
vn -0.3827 0.9239 -0.0000
vn -0.9239 0.3827 -0.0000
vn -0.3827 -0.0000 -0.9239
vn -0.9239 -0.0000 -0.3827
vn -0.0000 -0.9239 -0.3827
vn -0.0000 -0.3827 -0.9239
vn -0.0000 0.9239 -0.3827
vn -0.0000 0.3827 -0.9239
vn 0.9239 -0.0000 -0.3827
vn 0.3827 -0.0000 -0.9239
vn 0.3827 -0.9239 -0.0000
vn 0.9239 -0.3827 -0.0000
vn 0.3827 0.9239 -0.0000
vn 0.9239 0.3827 -0.0000
vn 0.3827 -0.0000 0.9239
vn 0.9239 -0.0000 0.3827
vn -0.0000 -0.9239 0.3827
vn -0.0000 -0.3827 0.9239
vn -0.0000 0.9239 0.3827
vn -0.0000 0.3827 0.9239
vn -0.0000 -1.0000 -0.0000
vn -1.0000 -0.0000 -0.0000
vn -0.0000 -0.0000 1.0000
vn -0.0000 1.0000 -0.0000
vn -0.0000 -0.0000 -1.0000
vn 1.0000 -0.0000 -0.0000
vt 0.142500 0.732500
vt 0.142500 0.750000
vt 0.132396 0.750000
vt 0.125000 0.732500
vt 0.392500 0.982500
vt 0.392500 1.000000
vt 0.382396 1.000000
vt 0.375000 0.982500
vt 0.392500 0.017500
vt 0.375000 0.017500
vt 0.375000 0.007396
vt 0.392500 0.000000
vt 0.607500 0.982500
vt 0.625000 0.982500
vt 0.625000 0.992604
vt 0.607500 1.000000
vt 0.857500 0.732500
vt 0.875000 0.732500
vt 0.875000 0.742604
vt 0.857500 0.750000
vt 0.607500 0.017500
vt 0.607500 0.000000
vt 0.617604 0.000000
vt 0.625000 0.017500
vt 0.142500 0.517500
vt 0.125000 0.517500
vt 0.125000 0.507396
vt 0.142500 0.500000
vt 0.392500 0.232500
vt 0.392500 0.250000
vt 0.378698 0.253698
vt 0.375000 0.232500
vt 0.392500 0.267500
vt 0.375000 0.267500
vt 0.857500 0.517500
vt 0.857500 0.500000
vt 0.867604 0.500000
vt 0.875000 0.517500
vt 0.607500 0.267500
vt 0.607500 0.250000
vt 0.621302 0.246302
vt 0.625000 0.267500
vt 0.607500 0.232500
vt 0.625000 0.232500
vt 0.357500 0.732500
vt 0.375000 0.732500
vt 0.377465 0.750000
vt 0.366250 0.758750
vt 0.392500 0.732500
vt 0.392500 0.750000
vt 0.392500 0.767500
vt 0.642500 0.732500
vt 0.633750 0.758750
vt 0.625000 0.747535
vt 0.625000 0.732500
vt 0.607500 0.767500
vt 0.607500 0.750000
vt 0.607500 0.732500
vt 0.357500 0.517500
vt 0.366250 0.491250
vt 0.375000 0.502465
vt 0.375000 0.517500
vt 0.392500 0.482500
vt 0.392500 0.500000
vt 0.392500 0.517500
vt 0.642500 0.517500
vt 0.625000 0.517500
vt 0.622535 0.500000
vt 0.633750 0.491250
vt 0.607500 0.517500
vt 0.607500 0.500000
vt 0.607500 0.482500
s 0
usemtl Dark
f 169/217/163 172/218/163 173/219/163 175/220/163
f 170/221/164 174/222/164 173/223/164 172/224/164
f 171/225/165 175/226/165 173/227/165 174/228/165
f 176/229/166 179/230/166 180/231/166 182/232/166
f 177/233/167 181/234/167 180/235/167 179/236/167
f 178/237/168 182/238/168 180/239/168 181/240/168
f 183/241/169 186/242/169 187/243/169 189/244/169
f 184/245/170 188/246/170 187/247/170 186/248/170
f 185/249/171 189/250/171 187/247/171 188/246/171
f 190/251/172 193/252/172 194/253/172 196/254/172
f 191/255/173 195/256/173 194/257/173 193/258/173
f 192/259/174 196/260/174 194/257/174 195/256/174
f 197/261/175 200/262/175 201/263/175 203/264/175
f 198/265/176 202/266/176 201/263/176 200/262/176
f 199/267/177 203/264/177 201/263/177 202/266/177
f 204/268/178 207/269/178 208/270/178 210/271/178
f 205/272/179 209/273/179 208/270/179 207/269/179
f 206/274/180 210/271/180 208/270/180 209/273/180
f 211/275/181 214/276/181 215/277/181 217/278/181
f 212/279/182 216/280/182 215/277/182 214/276/182
f 213/281/183 217/278/183 215/277/183 216/280/183
f 218/282/184 221/283/184 222/284/184 224/285/184
f 219/286/185 223/287/185 222/284/185 221/283/185
f 220/288/186 224/285/186 222/284/186 223/287/186
f 183/241/187 169/217/187 175/220/187 186/242/187
f 186/248/188 175/226/188 171/225/188 184/245/188
f 170/221/189 176/229/189 182/232/189 174/222/189
f 174/228/190 182/238/190 178/237/190 171/225/190
f 177/233/191 190/251/191 196/254/191 181/234/191
f 181/240/192 196/260/192 192/259/192 178/237/192
f 191/255/193 185/249/193 188/246/193 195/256/193
f 195/256/194 188/246/194 184/245/194 192/259/194
f 211/275/195 183/241/195 189/244/195 214/276/195
f 214/276/196 189/250/196 185/249/196 212/279/196
f 190/251/197 218/282/197 224/285/197 193/252/197
f 193/258/198 224/285/198 220/288/198 191/255/198
f 219/286/199 213/281/199 216/280/199 223/287/199
f 223/287/200 216/280/200 212/279/200 220/288/200
f 197/261/201 211/275/201 217/278/201 200/262/201
f 200/262/202 217/278/202 213/281/202 198/265/202
f 218/282/203 204/268/203 210/271/203 221/283/203
f 221/283/204 210/271/204 206/274/204 219/286/204
f 205/272/205 199/267/205 202/266/205 209/273/205
f 209/273/206 202/266/206 198/265/206 206/274/206
f 169/217/207 197/261/207 203/264/207 172/218/207
f 172/224/208 203/264/208 199/267/208 170/221/208
f 204/268/209 177/233/209 179/236/209 207/269/209
f 207/269/210 179/230/210 176/229/210 205/272/210
f 183/241/211 211/275/211 197/261/211 169/217/211
f 171/225/212 178/237/212 192/259/212 184/245/212
f 199/267/213 205/272/213 176/229/213 170/221/213
f 218/282/214 190/251/214 177/233/214 204/268/214
f 185/249/215 191/255/215 220/288/215 212/279/215
f 213/281/216 219/286/216 206/274/216 198/265/216
o Foot_3
v -0.771800 0.010000 0.771800
v -0.771800 0.028200 0.790000
v -0.790000 0.028200 0.771800
v -0.771800 0.015331 0.784669
v -0.782308 0.017692 0.782308
v -0.784669 0.028200 0.784669
v -0.784669 0.015331 0.771800
v -0.771800 0.251800 0.790000
v -0.771800 0.270000 0.771800
v -0.790000 0.251800 0.771800
v -0.771800 0.264669 0.784669
v -0.782308 0.262308 0.782308
v -0.784669 0.264669 0.771800
v -0.784669 0.251800 0.784669
v -0.771800 0.010000 0.548200
v -0.790000 0.028200 0.548200
v -0.771800 0.028200 0.530000
v -0.784669 0.015331 0.548200
v -0.782308 0.017692 0.537692
v -0.784669 0.028200 0.535331
v -0.771800 0.015331 0.535331
v -0.771800 0.270000 0.548200
v -0.771800 0.251800 0.530000
v -0.790000 0.251800 0.548200
v -0.771800 0.264669 0.535331
v -0.782308 0.262308 0.537692
v -0.784669 0.251800 0.535331
v -0.784669 0.264669 0.548200
v -0.548200 0.010000 0.771800
v -0.530000 0.028200 0.771800
v -0.548200 0.028200 0.790000
v -0.535331 0.015331 0.771800
v -0.537692 0.017692 0.782308
v -0.535331 0.028200 0.784669
v -0.548200 0.015331 0.784669
v -0.548200 0.270000 0.771800
v -0.548200 0.251800 0.790000
v -0.530000 0.251800 0.771800
v -0.548200 0.264669 0.784669
v -0.537692 0.262308 0.782308
v -0.535331 0.251800 0.784669
v -0.535331 0.264669 0.771800
v -0.548200 0.010000 0.548200
v -0.548200 0.028200 0.530000
v -0.530000 0.028200 0.548200
v -0.548200 0.015331 0.535331
v -0.537692 0.017692 0.537692
v -0.535331 0.028200 0.535331
v -0.535331 0.015331 0.548200
v -0.548200 0.270000 0.548200
v -0.530000 0.251800 0.548200
v -0.548200 0.251800 0.530000
v -0.535331 0.264669 0.548200
v -0.537692 0.262308 0.537692
v -0.535331 0.251800 0.535331
v -0.548200 0.264669 0.535331
vn -0.3251 -0.8881 0.3251
vn -0.3251 -0.3251 0.8881
vn -0.8881 -0.3251 0.3251
vn -0.3251 0.3251 0.8881
vn -0.3251 0.8881 0.3251
vn -0.8881 0.3251 0.3251
vn -0.3251 -0.8881 -0.3251
vn -0.8881 -0.3251 -0.3251
vn -0.3251 -0.3251 -0.8881
vn -0.3251 0.8881 -0.3251
vn -0.3251 0.3251 -0.8881
vn -0.8881 0.3251 -0.3251
vn 0.3251 -0.8881 0.3251
vn 0.8881 -0.3251 0.3251
vn 0.3251 -0.3251 0.8881
vn 0.3251 0.8881 0.3251
vn 0.3251 0.3251 0.8881
vn 0.8881 0.3251 0.3251
vn 0.3251 -0.8881 -0.3251
vn 0.3251 -0.3251 -0.8881
vn 0.8881 -0.3251 -0.3251
vn 0.3251 0.8881 -0.3251
vn 0.8881 0.3251 -0.3251
vn 0.3251 0.3251 -0.8881
vn -0.3827 -0.9239 -0.0000
vn -0.9239 -0.3827 -0.0000
vn -0.3827 -0.0000 0.9239
vn -0.9239 -0.0000 0.3827
vn -0.3827 0.9239 -0.0000
vn -0.9239 0.3827 -0.0000
vn -0.3827 -0.0000 -0.9239
vn -0.9239 -0.0000 -0.3827
vn -0.0000 -0.9239 -0.3827
vn -0.0000 -0.3827 -0.9239
vn -0.0000 0.9239 -0.3827
vn -0.0000 0.3827 -0.9239
vn 0.9239 -0.0000 -0.3827
vn 0.3827 -0.0000 -0.9239
vn 0.3827 -0.9239 -0.0000
vn 0.9239 -0.3827 -0.0000
vn 0.3827 0.9239 -0.0000
vn 0.9239 0.3827 -0.0000
vn 0.3827 -0.0000 0.9239
vn 0.9239 -0.0000 0.3827
vn -0.0000 -0.9239 0.3827
vn -0.0000 -0.3827 0.9239
vn -0.0000 0.9239 0.3827
vn -0.0000 0.3827 0.9239
vn -0.0000 -1.0000 -0.0000
vn -1.0000 -0.0000 -0.0000
vn -0.0000 -0.0000 1.0000
vn -0.0000 1.0000 -0.0000
vn -0.0000 -0.0000 -1.0000
vn 1.0000 -0.0000 -0.0000
vt 0.142500 0.732500
vt 0.142500 0.750000
vt 0.132396 0.750000
vt 0.125000 0.732500
vt 0.392500 0.982500
vt 0.392500 1.000000
vt 0.382396 1.000000
vt 0.375000 0.982500
vt 0.392500 0.017500
vt 0.375000 0.017500
vt 0.375000 0.007396
vt 0.392500 0.000000
vt 0.607500 0.982500
vt 0.625000 0.982500
vt 0.625000 0.992604
vt 0.607500 1.000000
vt 0.857500 0.732500
vt 0.875000 0.732500
vt 0.875000 0.742604
vt 0.857500 0.750000
vt 0.607500 0.017500
vt 0.607500 0.000000
vt 0.617604 0.000000
vt 0.625000 0.017500
vt 0.142500 0.517500
vt 0.125000 0.517500
vt 0.125000 0.507396
vt 0.142500 0.500000
vt 0.392500 0.232500
vt 0.392500 0.250000
vt 0.378698 0.253698
vt 0.375000 0.232500
vt 0.392500 0.267500
vt 0.375000 0.267500
vt 0.857500 0.517500
vt 0.857500 0.500000
vt 0.867604 0.500000
vt 0.875000 0.517500
vt 0.607500 0.267500
vt 0.607500 0.250000
vt 0.621302 0.246302
vt 0.625000 0.267500
vt 0.607500 0.232500
vt 0.625000 0.232500
vt 0.357500 0.732500
vt 0.375000 0.732500
vt 0.377465 0.750000
vt 0.366250 0.758750
vt 0.392500 0.732500
vt 0.392500 0.750000
vt 0.392500 0.767500
vt 0.642500 0.732500
vt 0.633750 0.758750
vt 0.625000 0.747535
vt 0.625000 0.732500
vt 0.607500 0.767500
vt 0.607500 0.750000
vt 0.607500 0.732500
vt 0.357500 0.517500
vt 0.366250 0.491250
vt 0.375000 0.502465
vt 0.375000 0.517500
vt 0.392500 0.482500
vt 0.392500 0.500000
vt 0.392500 0.517500
vt 0.642500 0.517500
vt 0.625000 0.517500
vt 0.622535 0.500000
vt 0.633750 0.491250
vt 0.607500 0.517500
vt 0.607500 0.500000
vt 0.607500 0.482500
s 0
usemtl Dark
f 225/289/217 228/290/217 229/291/217 231/292/217
f 226/293/218 230/294/218 229/295/218 228/296/218
f 227/297/219 231/298/219 229/299/219 230/300/219
f 232/301/220 235/302/220 236/303/220 238/304/220
f 233/305/221 237/306/221 236/307/221 235/308/221
f 234/309/222 238/310/222 236/311/222 237/312/222
f 239/313/223 242/314/223 243/315/223 245/316/223
f 240/317/224 244/318/224 243/319/224 242/320/224
f 241/321/225 245/322/225 243/319/225 244/318/225
f 246/323/226 249/324/226 250/325/226 252/326/226
f 247/327/227 251/328/227 250/329/227 249/330/227
f 248/331/228 252/332/228 250/329/228 251/328/228
f 253/333/229 256/334/229 257/335/229 259/336/229
f 254/337/230 258/338/230 257/335/230 256/334/230
f 255/339/231 259/336/231 257/335/231 258/338/231
f 260/340/232 263/341/232 264/342/232 266/343/232
f 261/344/233 265/345/233 264/342/233 263/341/233
f 262/346/234 266/343/234 264/342/234 265/345/234
f 267/347/235 270/348/235 271/349/235 273/350/235
f 268/351/236 272/352/236 271/349/236 270/348/236
f 269/353/237 273/350/237 271/349/237 272/352/237
f 274/354/238 277/355/238 278/356/238 280/357/238
f 275/358/239 279/359/239 278/356/239 277/355/239
f 276/360/240 280/357/240 278/356/240 279/359/240
f 239/313/241 225/289/241 231/292/241 242/314/241
f 242/320/242 231/298/242 227/297/242 240/317/242
f 226/293/243 232/301/243 238/304/243 230/294/243
f 230/300/244 238/310/244 234/309/244 227/297/244
f 233/305/245 246/323/245 252/326/245 237/306/245
f 237/312/246 252/332/246 248/331/246 234/309/246
f 247/327/247 241/321/247 244/318/247 251/328/247
f 251/328/248 244/318/248 240/317/248 248/331/248
f 267/347/249 239/313/249 245/316/249 270/348/249
f 270/348/250 245/322/250 241/321/250 268/351/250
f 246/323/251 274/354/251 280/357/251 249/324/251
f 249/330/252 280/357/252 276/360/252 247/327/252
f 275/358/253 269/353/253 272/352/253 279/359/253
f 279/359/254 272/352/254 268/351/254 276/360/254
f 253/333/255 267/347/255 273/350/255 256/334/255
f 256/334/256 273/350/256 269/353/256 254/337/256
f 274/354/257 260/340/257 266/343/257 277/355/257
f 277/355/258 266/343/258 262/346/258 275/358/258
f 261/344/259 255/339/259 258/338/259 265/345/259
f 265/345/260 258/338/260 254/337/260 262/346/260
f 225/289/261 253/333/261 259/336/261 228/290/261
f 228/296/262 259/336/262 255/339/262 226/293/262
f 260/340/263 233/305/263 235/308/263 263/341/263
f 263/341/264 235/302/264 232/301/264 261/344/264
f 239/313/265 267/347/265 253/333/265 225/289/265
f 227/297/266 234/309/266 248/331/266 240/317/266
f 255/339/267 261/344/267 232/301/267 226/293/267
f 274/354/268 246/323/268 233/305/268 260/340/268
f 241/321/269 247/327/269 276/360/269 268/351/269
f 269/353/270 275/358/270 262/346/270 254/337/270
o Ped_1
v -0.000000 0.190000 -0.699216
v 0.000000 0.230000 -0.740000
v -0.000000 0.201716 -0.728055
v 0.000000 0.410000 -0.699216
v 0.000000 0.370000 -0.740000
v 0.000000 0.398284 -0.728055
v 0.267579 0.190000 -0.645992
v 0.283186 0.230000 -0.683671
v 0.278614 0.201716 -0.672635
v 0.267579 0.410000 -0.645992
v 0.283186 0.370000 -0.683671
v 0.278614 0.398284 -0.672635
v 0.494421 0.190000 -0.494421
v 0.523259 0.230000 -0.523259
v 0.514812 0.201716 -0.514812
v 0.494421 0.410000 -0.494421
v 0.523259 0.370000 -0.523259
v 0.514812 0.398284 -0.514812
v 0.645992 0.190000 -0.267579
v 0.683671 0.230000 -0.283186
v 0.672635 0.201716 -0.278614
v 0.645992 0.410000 -0.267579
v 0.683671 0.370000 -0.283186
v 0.672635 0.398284 -0.278614
v 0.699216 0.190000 -0.000000
v 0.740000 0.230000 0.000000
v 0.728055 0.201716 -0.000000
v 0.699216 0.410000 0.000000
v 0.740000 0.370000 0.000000
v 0.728055 0.398284 0.000000
v 0.645992 0.190000 0.267579
v 0.683671 0.230000 0.283186
v 0.672635 0.201716 0.278614
v 0.645992 0.410000 0.267579
v 0.683671 0.370000 0.283186
v 0.672635 0.398284 0.278614
v 0.494421 0.190000 0.494421
v 0.523259 0.230000 0.523259
v 0.514812 0.201716 0.514812
v 0.494421 0.410000 0.494421
v 0.523259 0.370000 0.523259
v 0.514812 0.398284 0.514812
v 0.267579 0.190000 0.645992
v 0.283186 0.230000 0.683671
v 0.278614 0.201716 0.672635
v 0.267579 0.410000 0.645992
v 0.283186 0.370000 0.683671
v 0.278614 0.398284 0.672635
v 0.000000 0.190000 0.699216
v 0.000000 0.230000 0.740000
v 0.000000 0.201716 0.728055
v -0.000000 0.410000 0.699216
v 0.000000 0.370000 0.740000
v -0.000000 0.398284 0.728055
v -0.267579 0.190000 0.645992
v -0.283186 0.230000 0.683671
v -0.278614 0.201716 0.672635
v -0.267579 0.410000 0.645992
v -0.283186 0.370000 0.683671
v -0.278614 0.398284 0.672635
v -0.494421 0.190000 0.494421
v -0.523259 0.230000 0.523259
v -0.514812 0.201716 0.514812
v -0.494421 0.410000 0.494421
v -0.523259 0.370000 0.523259
v -0.514812 0.398284 0.514812
v -0.645992 0.190000 0.267579
v -0.683671 0.230000 0.283186
v -0.672635 0.201716 0.278614
v -0.645992 0.410000 0.267579
v -0.683671 0.370000 0.283186
v -0.672635 0.398284 0.278614
v -0.699216 0.190000 0.000000
v -0.740000 0.230000 0.000000
v -0.728055 0.201716 0.000000
v -0.699216 0.410000 -0.000000
v -0.740000 0.370000 0.000000
v -0.728055 0.398284 -0.000000
v -0.645992 0.190000 -0.267579
v -0.683671 0.230000 -0.283186
v -0.672635 0.201716 -0.278614
v -0.645992 0.410000 -0.267579
v -0.683671 0.370000 -0.283186
v -0.672635 0.398284 -0.278614
v -0.494421 0.190000 -0.494421
v -0.523259 0.230000 -0.523259
v -0.514812 0.201716 -0.514812
v -0.494421 0.410000 -0.494421
v -0.523259 0.370000 -0.523259
v -0.514812 0.398284 -0.514812
v -0.267579 0.190000 -0.645992
v -0.283186 0.230000 -0.683671
v -0.278614 0.201716 -0.672635
v -0.267579 0.410000 -0.645992
v -0.283186 0.370000 -0.683671
v -0.278614 0.398284 -0.672635
vn 0.1802 -0.3827 -0.9061
vn 0.0747 -0.9239 -0.3753
vn 0.1802 0.3827 -0.9061
vn 0.0747 0.9239 -0.3753
vn 0.5133 -0.3827 -0.7682
vn 0.2126 -0.9239 -0.3182
vn 0.5133 0.3827 -0.7682
vn 0.2126 0.9239 -0.3182
vn 0.7682 -0.3827 -0.5133
vn 0.3182 -0.9239 -0.2126
vn 0.7682 0.3827 -0.5133
vn 0.3182 0.9239 -0.2126
vn 0.9061 -0.3827 -0.1802
vn 0.3753 -0.9239 -0.0747
vn 0.9061 0.3827 -0.1802
vn 0.3753 0.9239 -0.0747
vn 0.9061 -0.3827 0.1802
vn 0.3753 -0.9239 0.0747
vn 0.9061 0.3827 0.1802
vn 0.3753 0.9239 0.0747
vn 0.7682 -0.3827 0.5133
vn 0.3182 -0.9239 0.2126
vn 0.7682 0.3827 0.5133
vn 0.3182 0.9239 0.2126
vn 0.5133 -0.3827 0.7682
vn 0.2126 -0.9239 0.3182
vn 0.5133 0.3827 0.7682
vn 0.2126 0.9239 0.3182
vn 0.1802 -0.3827 0.9061
vn 0.0747 -0.9239 0.3753
vn 0.1802 0.3827 0.9061
vn 0.0747 0.9239 0.3753
vn -0.1802 -0.3827 0.9061
vn -0.0747 -0.9239 0.3753
vn -0.1802 0.3827 0.9061
vn -0.0747 0.9239 0.3753
vn -0.5133 -0.3827 0.7682
vn -0.2126 -0.9239 0.3182
vn -0.5133 0.3827 0.7682
vn -0.2126 0.9239 0.3182
vn -0.7682 -0.3827 0.5133
vn -0.3182 -0.9239 0.2126
vn -0.7682 0.3827 0.5133
vn -0.3182 0.9239 0.2126
vn -0.9061 -0.3827 0.1802
vn -0.3753 -0.9239 0.0747
vn -0.9061 0.3827 0.1802
vn -0.3753 0.9239 0.0747
vn -0.9061 -0.3827 -0.1802
vn -0.3753 -0.9239 -0.0747
vn -0.9061 0.3827 -0.1802
vn -0.3753 0.9239 -0.0747
vn -0.7682 -0.3827 -0.5133
vn -0.3182 -0.9239 -0.2126
vn -0.7682 0.3827 -0.5133
vn -0.3182 0.9239 -0.2126
vn -0.5133 -0.3827 -0.7682
vn -0.2126 -0.9239 -0.3182
vn -0.5133 0.3827 -0.7682
vn -0.2126 0.9239 -0.3182
vn -0.1802 -0.3827 -0.9061
vn -0.0747 -0.9239 -0.3753
vn -0.1802 0.3827 -0.9061
vn -0.0747 0.9239 -0.3753
vn -0.0000 -1.0000 -0.0000
vn 0.1951 -0.0000 -0.9808
vn -0.1951 -0.0000 -0.9808
vn -0.0000 1.0000 -0.0000
vn 0.5556 -0.0000 -0.8315
vn 0.8315 -0.0000 -0.5556
vn 0.9808 -0.0000 -0.1951
vn 0.9808 -0.0000 0.1951
vn 0.8315 -0.0000 0.5556
vn 0.5556 -0.0000 0.8315
vn 0.1951 -0.0000 0.9808
vn -0.1951 -0.0000 0.9808
vn -0.5556 -0.0000 0.8315
vn -0.8315 -0.0000 0.5556
vn -0.9808 -0.0000 0.1951
vn -0.9808 -0.0000 -0.1951
vn -0.8315 -0.0000 -0.5556
vn -0.5556 -0.0000 -0.8315
vt 1.000000 0.590909
vt 0.937500 0.590909
vt 0.937500 0.500000
vt 0.999496 0.500000
vt 0.750000 0.489853
vt 0.841788 0.471595
vt 0.836782 0.459511
vt 0.750000 0.476773
vt 0.937500 0.909091
vt 1.000000 0.909091
vt 0.999496 1.000000
vt 0.937500 1.000000
vt 0.341788 0.471595
vt 0.250000 0.489853
vt 0.250000 0.476773
vt 0.336782 0.459511
vt 0.875000 0.590909
vt 0.875000 0.500000
vt 0.919601 0.419601
vt 0.910353 0.410353
vt 0.875000 0.909091
vt 0.875000 1.000000
vt 0.419601 0.419601
vt 0.410353 0.410353
vt 0.812500 0.590909
vt 0.812500 0.500000
vt 0.971595 0.341788
vt 0.959511 0.336782
vt 0.812500 0.909091
vt 0.812500 1.000000
vt 0.471595 0.341788
vt 0.459511 0.336782
vt 0.750000 0.590909
vt 0.750000 0.500000
vt 0.989853 0.250000
vt 0.976773 0.250000
vt 0.750000 0.909091
vt 0.750000 1.000000
vt 0.489853 0.250000
vt 0.476773 0.250000
vt 0.687500 0.590909
vt 0.687500 0.500000
vt 0.971595 0.158212
vt 0.959511 0.163218
vt 0.687500 0.909091
vt 0.687500 1.000000
vt 0.471595 0.158212
vt 0.459511 0.163218
vt 0.625000 0.590909
vt 0.625000 0.500000
vt 0.919601 0.080399
vt 0.910353 0.089647
vt 0.625000 0.909091
vt 0.625000 1.000000
vt 0.419601 0.080399
vt 0.410353 0.089647
vt 0.562500 0.590909
vt 0.562500 0.500000
vt 0.841788 0.028405
vt 0.836782 0.040489
vt 0.562500 0.909091
vt 0.562500 1.000000
vt 0.341788 0.028405
vt 0.336782 0.040489
vt 0.500000 0.590909
vt 0.500000 0.500000
vt 0.750000 0.010147
vt 0.750000 0.023227
vt 0.500000 0.909091
vt 0.500000 1.000000
vt 0.250000 0.010147
vt 0.250000 0.023227
vt 0.437500 0.590909
vt 0.437500 0.500000
vt 0.658212 0.028405
vt 0.663218 0.040489
vt 0.437500 0.909091
vt 0.437500 1.000000
vt 0.158212 0.028405
vt 0.163218 0.040489
vt 0.375000 0.590909
vt 0.375000 0.500000
vt 0.580399 0.080399
vt 0.589647 0.089647
vt 0.375000 0.909091
vt 0.375000 1.000000
vt 0.080399 0.080399
vt 0.089647 0.089647
vt 0.312500 0.590909
vt 0.312500 0.500000
vt 0.528405 0.158212
vt 0.540489 0.163218
vt 0.312500 0.909091
vt 0.312500 1.000000
vt 0.028405 0.158212
vt 0.040489 0.163218
vt 0.250000 0.590909
vt 0.250000 0.500000
vt 0.510147 0.250000
vt 0.523227 0.250000
vt 0.250000 0.909091
vt 0.250000 1.000000
vt 0.010147 0.250000
vt 0.023227 0.250000
vt 0.187500 0.590909
vt 0.187500 0.500000
vt 0.528405 0.341788
vt 0.540489 0.336782
vt 0.187500 0.909091
vt 0.187500 1.000000
vt 0.028405 0.341788
vt 0.040489 0.336782
vt 0.125000 0.590909
vt 0.125000 0.500000
vt 0.580399 0.419601
vt 0.589647 0.410353
vt 0.125000 0.909091
vt 0.125000 1.000000
vt 0.080399 0.419601
vt 0.089647 0.410353
vt 0.062500 0.590909
vt 0.062500 0.500000
vt 0.658212 0.471595
vt 0.663218 0.459511
vt 0.062500 0.909091
vt 0.062500 1.000000
vt 0.158212 0.471595
vt 0.163218 0.459511
vt 0.000000 0.590909
vt 0.000504 0.500000
vt 0.000000 0.909091
vt 0.000504 1.000000
s 0
usemtl Body
f 282/361/271 288/362/271 289/363/271 283/364/271
f 283/365/272 289/366/272 287/367/272 281/368/272
f 291/369/273 285/370/273 286/371/273 292/372/273
f 292/373/274 286/374/274 284/375/274 290/376/274
f 288/362/275 294/377/275 295/378/275 289/363/275
f 289/366/276 295/379/276 293/380/276 287/367/276
f 297/381/277 291/369/277 292/372/277 298/382/277
f 298/383/278 292/373/278 290/376/278 296/384/278
f 294/377/279 300/385/279 301/386/279 295/378/279
f 295/379/280 301/387/280 299/388/280 293/380/280
f 303/389/281 297/381/281 298/382/281 304/390/281
f 304/391/282 298/383/282 296/384/282 302/392/282
f 300/385/283 306/393/283 307/394/283 301/386/283
f 301/387/284 307/395/284 305/396/284 299/388/284
f 309/397/285 303/389/285 304/390/285 310/398/285
f 310/399/286 304/391/286 302/392/286 308/400/286
f 306/393/287 312/401/287 313/402/287 307/394/287
f 307/395/288 313/403/288 311/404/288 305/396/288
f 315/405/289 309/397/289 310/398/289 316/406/289
f 316/407/290 310/399/290 308/400/290 314/408/290
f 312/401/291 318/409/291 319/410/291 313/402/291
f 313/403/292 319/411/292 317/412/292 311/404/292
f 321/413/293 315/405/293 316/406/293 322/414/293
f 322/415/294 316/407/294 314/408/294 320/416/294
f 318/409/295 324/417/295 325/418/295 319/410/295
f 319/411/296 325/419/296 323/420/296 317/412/296
f 327/421/297 321/413/297 322/414/297 328/422/297
f 328/423/298 322/415/298 320/416/298 326/424/298
f 324/417/299 330/425/299 331/426/299 325/418/299
f 325/419/300 331/427/300 329/428/300 323/420/300
f 333/429/301 327/421/301 328/422/301 334/430/301
f 334/431/302 328/423/302 326/424/302 332/432/302
f 330/425/303 336/433/303 337/434/303 331/426/303
f 331/427/304 337/435/304 335/436/304 329/428/304
f 339/437/305 333/429/305 334/430/305 340/438/305
f 340/439/306 334/431/306 332/432/306 338/440/306
f 336/433/307 342/441/307 343/442/307 337/434/307
f 337/435/308 343/443/308 341/444/308 335/436/308
f 345/445/309 339/437/309 340/438/309 346/446/309
f 346/447/310 340/439/310 338/440/310 344/448/310
f 342/441/311 348/449/311 349/450/311 343/442/311
f 343/443/312 349/451/312 347/452/312 341/444/312
f 351/453/313 345/445/313 346/446/313 352/454/313
f 352/455/314 346/447/314 344/448/314 350/456/314
f 348/449/315 354/457/315 355/458/315 349/450/315
f 349/451/316 355/459/316 353/460/316 347/452/316
f 357/461/317 351/453/317 352/454/317 358/462/317
f 358/463/318 352/455/318 350/456/318 356/464/318
f 354/457/319 360/465/319 361/466/319 355/458/319
f 355/459/320 361/467/320 359/468/320 353/460/320
f 363/469/321 357/461/321 358/462/321 364/470/321
f 364/471/322 358/463/322 356/464/322 362/472/322
f 360/465/323 366/473/323 367/474/323 361/466/323
f 361/467/324 367/475/324 365/476/324 359/468/324
f 369/477/325 363/469/325 364/470/325 370/478/325
f 370/479/326 364/471/326 362/472/326 368/480/326
f 366/473/327 372/481/327 373/482/327 367/474/327
f 367/475/328 373/483/328 371/484/328 365/476/328
f 375/485/329 369/477/329 370/478/329 376/486/329
f 376/487/330 370/479/330 368/480/330 374/488/330
f 372/481/331 282/489/331 283/490/331 373/482/331
f 373/483/332 283/365/332 281/368/332 371/484/332
f 285/491/333 375/485/333 376/486/333 286/492/333
f 286/374/334 376/487/334 374/488/334 284/375/334
f 281/368/335 287/367/335 293/380/335 299/388/335 305/396/335 311/404/335 317/412/335 323/420/335 329/428/335 335/436/335 341/444/335 347/452/335 353/460/335 359/468/335 365/476/335 371/484/335
f 282/361/336 285/370/336 291/369/336 288/362/336
f 372/481/337 375/485/337 285/491/337 282/489/337
f 290/376/338 284/375/338 374/488/338 368/480/338 362/472/338 356/464/338 350/456/338 344/448/338 338/440/338 332/432/338 326/424/338 320/416/338 314/408/338 308/400/338 302/392/338 296/384/338
f 288/362/339 291/369/339 297/381/339 294/377/339
f 294/377/340 297/381/340 303/389/340 300/385/340
f 300/385/341 303/389/341 309/397/341 306/393/341
f 306/393/342 309/397/342 315/405/342 312/401/342
f 312/401/343 315/405/343 321/413/343 318/409/343
f 318/409/344 321/413/344 327/421/344 324/417/344
f 324/417/345 327/421/345 333/429/345 330/425/345
f 330/425/346 333/429/346 339/437/346 336/433/346
f 336/433/347 339/437/347 345/445/347 342/441/347
f 342/441/348 345/445/348 351/453/348 348/449/348
f 348/449/349 351/453/349 357/461/349 354/457/349
f 354/457/350 357/461/350 363/469/350 360/465/350
f 360/465/351 363/469/351 369/477/351 366/473/351
f 366/473/352 369/477/352 375/485/352 372/481/352
o Ped_2
v 0.000000 0.390000 -0.519216
v 0.000000 0.430000 -0.560000
v 0.000000 0.401716 -0.548055
v 0.000000 0.610000 -0.519216
v 0.000000 0.570000 -0.560000
v 0.000000 0.598284 -0.548055
v 0.198695 0.390000 -0.479693
v 0.214303 0.430000 -0.517373
v 0.209731 0.401716 -0.506337
v 0.198695 0.610000 -0.479693
v 0.214303 0.570000 -0.517373
v 0.209731 0.598284 -0.506337
v 0.367141 0.390000 -0.367141
v 0.395980 0.430000 -0.395980
v 0.387533 0.401716 -0.387533
v 0.367141 0.610000 -0.367141
v 0.395980 0.570000 -0.395980
v 0.387533 0.598284 -0.387533
v 0.479693 0.390000 -0.198695
v 0.517373 0.430000 -0.214303
v 0.506337 0.401716 -0.209731
v 0.479693 0.610000 -0.198695
v 0.517373 0.570000 -0.214303
v 0.506337 0.598284 -0.209731
v 0.519216 0.390000 0.000000
v 0.560000 0.430000 0.000000
v 0.548055 0.401716 0.000000
v 0.519216 0.610000 0.000000
v 0.560000 0.570000 0.000000
v 0.548055 0.598284 0.000000
v 0.479693 0.390000 0.198695
v 0.517373 0.430000 0.214303
v 0.506337 0.401716 0.209731
v 0.479693 0.610000 0.198695
v 0.517373 0.570000 0.214303
v 0.506337 0.598284 0.209731
v 0.367141 0.390000 0.367141
v 0.395980 0.430000 0.395980
v 0.387533 0.401716 0.387533
v 0.367141 0.610000 0.367141
v 0.395980 0.570000 0.395980
v 0.387533 0.598284 0.387533
v 0.198695 0.390000 0.479693
v 0.214303 0.430000 0.517373
v 0.209731 0.401716 0.506337
v 0.198695 0.610000 0.479693
v 0.214303 0.570000 0.517373
v 0.209731 0.598284 0.506337
v 0.000000 0.390000 0.519216
v 0.000000 0.430000 0.560000
v 0.000000 0.401716 0.548055
v 0.000000 0.610000 0.519216
v 0.000000 0.570000 0.560000
v 0.000000 0.598284 0.548055
v -0.198695 0.390000 0.479693
v -0.214303 0.430000 0.517373
v -0.209731 0.401716 0.506337
v -0.198695 0.610000 0.479693
v -0.214303 0.570000 0.517373
v -0.209731 0.598284 0.506337
v -0.367141 0.390000 0.367141
v -0.395980 0.430000 0.395980
v -0.387533 0.401716 0.387533
v -0.367141 0.610000 0.367141
v -0.395980 0.570000 0.395980
v -0.387533 0.598284 0.387533
v -0.479693 0.390000 0.198695
v -0.517373 0.430000 0.214303
v -0.506337 0.401716 0.209731
v -0.479693 0.610000 0.198695
v -0.517373 0.570000 0.214303
v -0.506337 0.598284 0.209731
v -0.519216 0.390000 0.000000
v -0.560000 0.430000 0.000000
v -0.548055 0.401716 0.000000
v -0.519216 0.610000 0.000000
v -0.560000 0.570000 0.000000
v -0.548055 0.598284 0.000000
v -0.479693 0.390000 -0.198695
v -0.517373 0.430000 -0.214303
v -0.506337 0.401716 -0.209731
v -0.479693 0.610000 -0.198695
v -0.517373 0.570000 -0.214303
v -0.506337 0.598284 -0.209731
v -0.367141 0.390000 -0.367141
v -0.395980 0.430000 -0.395980
v -0.387533 0.401716 -0.387533
v -0.367141 0.610000 -0.367141
v -0.395980 0.570000 -0.395980
v -0.387533 0.598284 -0.387533
v -0.198695 0.390000 -0.479693
v -0.214303 0.430000 -0.517373
v -0.209731 0.401716 -0.506337
v -0.198695 0.610000 -0.479693
v -0.214303 0.570000 -0.517373
v -0.209731 0.598284 -0.506337
vn 0.1802 -0.3827 -0.9061
vn 0.0747 -0.9239 -0.3753
vn 0.1802 0.3827 -0.9061
vn 0.0747 0.9239 -0.3753
vn 0.5133 -0.3827 -0.7682
vn 0.2126 -0.9239 -0.3182
vn 0.5133 0.3827 -0.7682
vn 0.2126 0.9239 -0.3182
vn 0.7682 -0.3827 -0.5133
vn 0.3182 -0.9239 -0.2126
vn 0.7682 0.3827 -0.5133
vn 0.3182 0.9239 -0.2126
vn 0.9061 -0.3827 -0.1802
vn 0.3753 -0.9239 -0.0747
vn 0.9061 0.3827 -0.1802
vn 0.3753 0.9239 -0.0747
vn 0.9061 -0.3827 0.1802
vn 0.3753 -0.9239 0.0747
vn 0.9061 0.3827 0.1802
vn 0.3753 0.9239 0.0747
vn 0.7682 -0.3827 0.5133
vn 0.3182 -0.9239 0.2126
vn 0.7682 0.3827 0.5133
vn 0.3182 0.9239 0.2126
vn 0.5133 -0.3827 0.7682
vn 0.2126 -0.9239 0.3182
vn 0.5133 0.3827 0.7682
vn 0.2126 0.9239 0.3182
vn 0.1802 -0.3827 0.9061
vn 0.0747 -0.9239 0.3753
vn 0.1802 0.3827 0.9061
vn 0.0747 0.9239 0.3753
vn -0.1802 -0.3827 0.9061
vn -0.0747 -0.9239 0.3753
vn -0.1802 0.3827 0.9061
vn -0.0747 0.9239 0.3753
vn -0.5133 -0.3827 0.7682
vn -0.2126 -0.9239 0.3182
vn -0.5133 0.3827 0.7682
vn -0.2126 0.9239 0.3182
vn -0.7682 -0.3827 0.5133
vn -0.3182 -0.9239 0.2126
vn -0.7682 0.3827 0.5133
vn -0.3182 0.9239 0.2126
vn -0.9061 -0.3827 0.1802
vn -0.3753 -0.9239 0.0747
vn -0.9061 0.3827 0.1802
vn -0.3753 0.9239 0.0747
vn -0.9061 -0.3827 -0.1802
vn -0.3753 -0.9239 -0.0747
vn -0.9061 0.3827 -0.1802
vn -0.3753 0.9239 -0.0747
vn -0.7682 -0.3827 -0.5133
vn -0.3182 -0.9239 -0.2126
vn -0.7682 0.3827 -0.5133
vn -0.3182 0.9239 -0.2126
vn -0.5133 -0.3827 -0.7682
vn -0.2126 -0.9239 -0.3182
vn -0.5133 0.3827 -0.7682
vn -0.2126 0.9239 -0.3182
vn -0.1802 -0.3827 -0.9061
vn -0.0747 -0.9239 -0.3753
vn -0.1802 0.3827 -0.9061
vn -0.0747 0.9239 -0.3753
vn -0.0000 -1.0000 -0.0000
vn 0.1951 -0.0000 -0.9808
vn -0.1951 -0.0000 -0.9808
vn -0.0000 1.0000 -0.0000
vn 0.5556 -0.0000 -0.8315
vn 0.8315 -0.0000 -0.5556
vn 0.9808 -0.0000 -0.1951
vn 0.9808 -0.0000 0.1951
vn 0.8315 -0.0000 0.5556
vn 0.5556 -0.0000 0.8315
vn 0.1951 -0.0000 0.9808
vn -0.1951 -0.0000 0.9808
vn -0.5556 -0.0000 0.8315
vn -0.8315 -0.0000 0.5556
vn -0.9808 -0.0000 0.1951
vn -0.9808 -0.0000 -0.1951
vn -0.8315 -0.0000 -0.5556
vn -0.5556 -0.0000 -0.8315
vt 1.000000 0.590909
vt 0.937500 0.590909
vt 0.937500 0.500000
vt 0.999333 0.500000
vt 0.750000 0.489805
vt 0.841769 0.471551
vt 0.835155 0.455583
vt 0.750000 0.472521
vt 0.937500 0.909091
vt 1.000000 0.909091
vt 0.999333 1.000000
vt 0.937500 1.000000
vt 0.341769 0.471551
vt 0.250000 0.489805
vt 0.250000 0.472521
vt 0.335155 0.455583
vt 0.875000 0.590909
vt 0.875000 0.500000
vt 0.919568 0.419568
vt 0.907346 0.407346
vt 0.875000 0.909091
vt 0.875000 1.000000
vt 0.419568 0.419568
vt 0.407346 0.407346
vt 0.812500 0.590909
vt 0.812500 0.500000
vt 0.971551 0.341769
vt 0.955583 0.335155
vt 0.812500 0.909091
vt 0.812500 1.000000
vt 0.471551 0.341769
vt 0.455583 0.335155
vt 0.750000 0.590909
vt 0.750000 0.500000
vt 0.989805 0.250000
vt 0.972521 0.250000
vt 0.750000 0.909091
vt 0.750000 1.000000
vt 0.489805 0.250000
vt 0.472521 0.250000
vt 0.687500 0.590909
vt 0.687500 0.500000
vt 0.971551 0.158231
vt 0.955583 0.164845
vt 0.687500 0.909091
vt 0.687500 1.000000
vt 0.471551 0.158231
vt 0.455583 0.164845
vt 0.625000 0.590909
vt 0.625000 0.500000
vt 0.919568 0.080432
vt 0.907346 0.092654
vt 0.625000 0.909091
vt 0.625000 1.000000
vt 0.419568 0.080432
vt 0.407346 0.092654
vt 0.562500 0.590909
vt 0.562500 0.500000
vt 0.841769 0.028449
vt 0.835155 0.044417
vt 0.562500 0.909091
vt 0.562500 1.000000
vt 0.341769 0.028449
vt 0.335155 0.044417
vt 0.500000 0.590909
vt 0.500000 0.500000
vt 0.750000 0.010195
vt 0.750000 0.027479
vt 0.500000 0.909091
vt 0.500000 1.000000
vt 0.250000 0.010195
vt 0.250000 0.027479
vt 0.437500 0.590909
vt 0.437500 0.500000
vt 0.658231 0.028449
vt 0.664845 0.044417
vt 0.437500 0.909091
vt 0.437500 1.000000
vt 0.158231 0.028449
vt 0.164845 0.044417
vt 0.375000 0.590909
vt 0.375000 0.500000
vt 0.580432 0.080432
vt 0.592654 0.092654
vt 0.375000 0.909091
vt 0.375000 1.000000
vt 0.080432 0.080432
vt 0.092654 0.092654
vt 0.312500 0.590909
vt 0.312500 0.500000
vt 0.528449 0.158231
vt 0.544417 0.164845
vt 0.312500 0.909091
vt 0.312500 1.000000
vt 0.028449 0.158231
vt 0.044417 0.164845
vt 0.250000 0.590909
vt 0.250000 0.500000
vt 0.510195 0.250000
vt 0.527479 0.250000
vt 0.250000 0.909091
vt 0.250000 1.000000
vt 0.010195 0.250000
vt 0.027479 0.250000
vt 0.187500 0.590909
vt 0.187500 0.500000
vt 0.528449 0.341769
vt 0.544417 0.335155
vt 0.187500 0.909091
vt 0.187500 1.000000
vt 0.028449 0.341769
vt 0.044417 0.335155
vt 0.125000 0.590909
vt 0.125000 0.500000
vt 0.580432 0.419568
vt 0.592654 0.407346
vt 0.125000 0.909091
vt 0.125000 1.000000
vt 0.080432 0.419568
vt 0.092654 0.407346
vt 0.062500 0.590909
vt 0.062500 0.500000
vt 0.658231 0.471551
vt 0.664845 0.455583
vt 0.062500 0.909091
vt 0.062500 1.000000
vt 0.158231 0.471551
vt 0.164845 0.455583
vt 0.000000 0.590909
vt 0.000667 0.500000
vt 0.000000 0.909091
vt 0.000667 1.000000
s 0
usemtl Dark
f 378/493/353 384/494/353 385/495/353 379/496/353
f 379/497/354 385/498/354 383/499/354 377/500/354
f 387/501/355 381/502/355 382/503/355 388/504/355
f 388/505/356 382/506/356 380/507/356 386/508/356
f 384/494/357 390/509/357 391/510/357 385/495/357
f 385/498/358 391/511/358 389/512/358 383/499/358
f 393/513/359 387/501/359 388/504/359 394/514/359
f 394/515/360 388/505/360 386/508/360 392/516/360
f 390/509/361 396/517/361 397/518/361 391/510/361
f 391/511/362 397/519/362 395/520/362 389/512/362
f 399/521/363 393/513/363 394/514/363 400/522/363
f 400/523/364 394/515/364 392/516/364 398/524/364
f 396/517/365 402/525/365 403/526/365 397/518/365
f 397/519/366 403/527/366 401/528/366 395/520/366
f 405/529/367 399/521/367 400/522/367 406/530/367
f 406/531/368 400/523/368 398/524/368 404/532/368
f 402/525/369 408/533/369 409/534/369 403/526/369
f 403/527/370 409/535/370 407/536/370 401/528/370
f 411/537/371 405/529/371 406/530/371 412/538/371
f 412/539/372 406/531/372 404/532/372 410/540/372
f 408/533/373 414/541/373 415/542/373 409/534/373
f 409/535/374 415/543/374 413/544/374 407/536/374
f 417/545/375 411/537/375 412/538/375 418/546/375
f 418/547/376 412/539/376 410/540/376 416/548/376
f 414/541/377 420/549/377 421/550/377 415/542/377
f 415/543/378 421/551/378 419/552/378 413/544/378
f 423/553/379 417/545/379 418/546/379 424/554/379
f 424/555/380 418/547/380 416/548/380 422/556/380
f 420/549/381 426/557/381 427/558/381 421/550/381
f 421/551/382 427/559/382 425/560/382 419/552/382
f 429/561/383 423/553/383 424/554/383 430/562/383
f 430/563/384 424/555/384 422/556/384 428/564/384
f 426/557/385 432/565/385 433/566/385 427/558/385
f 427/559/386 433/567/386 431/568/386 425/560/386
f 435/569/387 429/561/387 430/562/387 436/570/387
f 436/571/388 430/563/388 428/564/388 434/572/388
f 432/565/389 438/573/389 439/574/389 433/566/389
f 433/567/390 439/575/390 437/576/390 431/568/390
f 441/577/391 435/569/391 436/570/391 442/578/391
f 442/579/392 436/571/392 434/572/392 440/580/392
f 438/573/393 444/581/393 445/582/393 439/574/393
f 439/575/394 445/583/394 443/584/394 437/576/394
f 447/585/395 441/577/395 442/578/395 448/586/395
f 448/587/396 442/579/396 440/580/396 446/588/396
f 444/581/397 450/589/397 451/590/397 445/582/397
f 445/583/398 451/591/398 449/592/398 443/584/398
f 453/593/399 447/585/399 448/586/399 454/594/399
f 454/595/400 448/587/400 446/588/400 452/596/400
f 450/589/401 456/597/401 457/598/401 451/590/401
f 451/591/402 457/599/402 455/600/402 449/592/402
f 459/601/403 453/593/403 454/594/403 460/602/403
f 460/603/404 454/595/404 452/596/404 458/604/404
f 456/597/405 462/605/405 463/606/405 457/598/405
f 457/599/406 463/607/406 461/608/406 455/600/406
f 465/609/407 459/601/407 460/602/407 466/610/407
f 466/611/408 460/603/408 458/604/408 464/612/408
f 462/605/409 468/613/409 469/614/409 463/606/409
f 463/607/410 469/615/410 467/616/410 461/608/410
f 471/617/411 465/609/411 466/610/411 472/618/411
f 472/619/412 466/611/412 464/612/412 470/620/412
f 468/613/413 378/621/413 379/622/413 469/614/413
f 469/615/414 379/497/414 377/500/414 467/616/414
f 381/623/415 471/617/415 472/618/415 382/624/415
f 382/506/416 472/619/416 470/620/416 380/507/416
f 377/500/417 383/499/417 389/512/417 395/520/417 401/528/417 407/536/417 413/544/417 419/552/417 425/560/417 431/568/417 437/576/417 443/584/417 449/592/417 455/600/417 461/608/417 467/616/417
f 378/493/418 381/502/418 387/501/418 384/494/418
f 468/613/419 471/617/419 381/623/419 378/621/419
f 386/508/420 380/507/420 470/620/420 464/612/420 458/604/420 452/596/420 446/588/420 440/580/420 434/572/420 428/564/420 422/556/420 416/548/420 410/540/420 404/532/420 398/524/420 392/516/420
f 384/494/421 387/501/421 393/513/421 390/509/421
f 390/509/422 393/513/422 399/521/422 396/517/422
f 396/517/423 399/521/423 405/529/423 402/525/423
f 402/525/424 405/529/424 411/537/424 408/533/424
f 408/533/425 411/537/425 417/545/425 414/541/425
f 414/541/426 417/545/426 423/553/426 420/549/426
f 420/549/427 423/553/427 429/561/427 426/557/427
f 426/557/428 429/561/428 435/569/428 432/565/428
f 432/565/429 435/569/429 441/577/429 438/573/429
f 438/573/430 441/577/430 447/585/430 444/581/430
f 444/581/431 447/585/431 453/593/431 450/589/431
f 450/589/432 453/593/432 459/601/432 456/597/432
f 456/597/433 459/601/433 465/609/433 462/605/433
f 462/605/434 465/609/434 471/617/434 468/613/434
o Ped_3
v 0.000000 0.590000 -0.460000
v 0.000000 0.730000 -0.460000
v 0.176034 0.590000 -0.424985
v 0.176034 0.730000 -0.424985
v 0.325269 0.590000 -0.325269
v 0.325269 0.730000 -0.325269
v 0.424985 0.590000 -0.176034
v 0.424985 0.730000 -0.176034
v 0.460000 0.590000 0.000000
v 0.460000 0.730000 0.000000
v 0.424985 0.590000 0.176034
v 0.424985 0.730000 0.176034
v 0.325269 0.590000 0.325269
v 0.325269 0.730000 0.325269
v 0.176034 0.590000 0.424985
v 0.176034 0.730000 0.424985
v 0.000000 0.590000 0.460000
v 0.000000 0.730000 0.460000
v -0.176034 0.590000 0.424985
v -0.176034 0.730000 0.424985
v -0.325269 0.590000 0.325269
v -0.325269 0.730000 0.325269
v -0.424985 0.590000 0.176034
v -0.424985 0.730000 0.176034
v -0.460000 0.590000 0.000000
v -0.460000 0.730000 0.000000
v -0.424985 0.590000 -0.176034
v -0.424985 0.730000 -0.176034
v -0.325269 0.590000 -0.325269
v -0.325269 0.730000 -0.325269
v -0.176034 0.590000 -0.424985
v -0.176034 0.730000 -0.424985
vn 0.1951 -0.0000 -0.9808
vn 0.5556 -0.0000 -0.8315
vn 0.8315 -0.0000 -0.5556
vn 0.9808 -0.0000 -0.1951
vn 0.9808 -0.0000 0.1951
vn 0.8315 -0.0000 0.5556
vn 0.5556 -0.0000 0.8315
vn 0.1951 -0.0000 0.9808
vn -0.1951 -0.0000 0.9808
vn -0.5556 -0.0000 0.8315
vn -0.8315 -0.0000 0.5556
vn -0.9808 -0.0000 0.1951
vn -0.9808 -0.0000 -0.1951
vn -0.8315 -0.0000 -0.5556
vn -0.0000 1.0000 -0.0000
vn -0.5556 -0.0000 -0.8315
vn -0.1951 -0.0000 -0.9808
vn -0.0000 -1.0000 -0.0000
vt 1.000000 0.500000
vt 1.000000 1.000000
vt 0.937500 1.000000
vt 0.937500 0.500000
vt 0.875000 1.000000
vt 0.875000 0.500000
vt 0.812500 1.000000
vt 0.812500 0.500000
vt 0.750000 1.000000
vt 0.750000 0.500000
vt 0.687500 1.000000
vt 0.687500 0.500000
vt 0.625000 1.000000
vt 0.625000 0.500000
vt 0.562500 1.000000
vt 0.562500 0.500000
vt 0.500000 1.000000
vt 0.500000 0.500000
vt 0.437500 1.000000
vt 0.437500 0.500000
vt 0.375000 1.000000
vt 0.375000 0.500000
vt 0.312500 1.000000
vt 0.312500 0.500000
vt 0.250000 1.000000
vt 0.250000 0.500000
vt 0.187500 1.000000
vt 0.187500 0.500000
vt 0.125000 1.000000
vt 0.125000 0.500000
vt 0.341844 0.471731
vt 0.250000 0.490000
vt 0.158156 0.471731
vt 0.080294 0.419706
vt 0.028269 0.341844
vt 0.010000 0.250000
vt 0.028269 0.158156
vt 0.080294 0.080294
vt 0.158156 0.028269
vt 0.250000 0.010000
vt 0.341844 0.028269
vt 0.419706 0.080294
vt 0.471731 0.158156
vt 0.490000 0.250000
vt 0.471731 0.341844
vt 0.419706 0.419706
vt 0.062500 1.000000
vt 0.062500 0.500000
vt 0.000000 1.000000
vt 0.000000 0.500000
vt 0.750000 0.490000
vt 0.841844 0.471731
vt 0.919706 0.419706
vt 0.971731 0.341844
vt 0.990000 0.250000
vt 0.971731 0.158156
vt 0.919706 0.080294
vt 0.841844 0.028269
vt 0.750000 0.010000
vt 0.658156 0.028269
vt 0.580294 0.080294
vt 0.528269 0.158156
vt 0.510000 0.250000
vt 0.528269 0.341844
vt 0.580294 0.419706
vt 0.658156 0.471731
s 0
usemtl Accent
f 473/625/435 474/626/435 476/627/435 475/628/435
f 475/628/436 476/627/436 478/629/436 477/630/436
f 477/630/437 478/629/437 480/631/437 479/632/437
f 479/632/438 480/631/438 482/633/438 481/634/438
f 481/634/439 482/633/439 484/635/439 483/636/439
f 483/636/440 484/635/440 486/637/440 485/638/440
f 485/638/441 486/637/441 488/639/441 487/640/441
f 487/640/442 488/639/442 490/641/442 489/642/442
f 489/642/443 490/641/443 492/643/443 491/644/443
f 491/644/444 492/643/444 494/645/444 493/646/444
f 493/646/445 494/645/445 496/647/445 495/648/445
f 495/648/446 496/647/446 498/649/446 497/650/446
f 497/650/447 498/649/447 500/651/447 499/652/447
f 499/652/448 500/651/448 502/653/448 501/654/448
f 476/655/449 474/656/449 504/657/449 502/658/449 500/659/449 498/660/449 496/661/449 494/662/449 492/663/449 490/664/449 488/665/449 486/666/449 484/667/449 482/668/449 480/669/449 478/670/449
f 501/654/450 502/653/450 504/671/450 503/672/450
f 503/672/451 504/671/451 474/673/451 473/674/451
f 473/675/452 475/676/452 477/677/452 479/678/452 481/679/452 483/680/452 485/681/452 487/682/452 489/683/452 491/684/452 493/685/452 495/686/452 497/687/452 499/688/452 501/689/452 503/690/452
o Arm_Post
v -0.165600 0.550000 0.243200
v -0.165600 0.590000 0.260000
v -0.180000 0.590000 0.243200
v -0.165600 0.561716 0.255079
v -0.173914 0.566906 0.252899
v -0.175782 0.590000 0.255079
v -0.175782 0.561716 0.243200
v -0.165600 1.510000 0.260000
v -0.165600 1.550000 0.243200
v -0.180000 1.510000 0.243200
v -0.165600 1.538284 0.255079
v -0.173914 1.533094 0.252899
v -0.175782 1.538284 0.243200
v -0.175782 1.510000 0.255079
v -0.165600 0.550000 -0.143200
v -0.180000 0.590000 -0.143200
v -0.165600 0.590000 -0.160000
v -0.175782 0.561716 -0.143200
v -0.173914 0.566906 -0.152899
v -0.175782 0.590000 -0.155079
v -0.165600 0.561716 -0.155079
v -0.165600 1.550000 -0.143200
v -0.165600 1.510000 -0.160000
v -0.180000 1.510000 -0.143200
v -0.165600 1.538284 -0.155079
v -0.173914 1.533094 -0.152899
v -0.175782 1.510000 -0.155079
v -0.175782 1.538284 -0.143200
v 0.165600 0.550000 0.243200
v 0.180000 0.590000 0.243200
v 0.165600 0.590000 0.260000
v 0.175782 0.561716 0.243200
v 0.173914 0.566906 0.252899
v 0.175782 0.590000 0.255079
v 0.165600 0.561716 0.255079
v 0.165600 1.550000 0.243200
v 0.165600 1.510000 0.260000
v 0.180000 1.510000 0.243200
v 0.165600 1.538284 0.255079
v 0.173914 1.533094 0.252899
v 0.175782 1.510000 0.255079
v 0.175782 1.538284 0.243200
v 0.165600 0.550000 -0.143200
v 0.165600 0.590000 -0.160000
v 0.180000 0.590000 -0.143200
v 0.165600 0.561716 -0.155079
v 0.173914 0.566906 -0.152899
v 0.175782 0.590000 -0.155079
v 0.175782 0.561716 -0.143200
v 0.165600 1.550000 -0.143200
v 0.180000 1.510000 -0.143200
v 0.165600 1.510000 -0.160000
v 0.175782 1.538284 -0.143200
v 0.173914 1.533094 -0.152899
v 0.175782 1.510000 -0.155079
v 0.165600 1.538284 -0.155079
vn -0.6084 -0.5983 0.5214
vn -0.3889 -0.1400 0.9106
vn -0.9467 -0.1247 0.2970
vn -0.3889 0.1400 0.9106
vn -0.6084 0.5983 0.5214
vn -0.9467 0.1247 0.2970
vn -0.6084 -0.5983 -0.5214
vn -0.9467 -0.1247 -0.2970
vn -0.3889 -0.1400 -0.9106
vn -0.6084 0.5983 -0.5214
vn -0.3889 0.1400 -0.9106
vn -0.9467 0.1247 -0.2970
vn 0.6084 -0.5983 0.5214
vn 0.9467 -0.1247 0.2970
vn 0.3889 -0.1400 0.9106
vn 0.6084 0.5983 0.5214
vn 0.3889 0.1400 0.9106
vn 0.9467 0.1247 0.2970
vn 0.6084 -0.5983 -0.5214
vn 0.3889 -0.1400 -0.9106
vn 0.9467 -0.1247 -0.2970
vn 0.6084 0.5983 -0.5214
vn 0.9467 0.1247 -0.2970
vn 0.3889 0.1400 -0.9106
vn -0.7548 -0.6560 -0.0000
vn -0.9891 -0.1475 -0.0000
vn -0.4351 -0.0000 0.9004
vn -0.9424 -0.0000 0.3346
vn -0.7548 0.6560 -0.0000
vn -0.9891 0.1475 -0.0000
vn -0.4351 -0.0000 -0.9004
vn -0.9424 -0.0000 -0.3346
vn -0.0000 -0.7120 -0.7022
vn -0.0000 -0.1714 -0.9852
vn -0.0000 0.7120 -0.7022
vn -0.0000 0.1714 -0.9852
vn 0.9424 -0.0000 -0.3346
vn 0.4351 -0.0000 -0.9004
vn 0.7548 -0.6560 -0.0000
vn 0.9891 -0.1475 -0.0000
vn 0.7548 0.6560 -0.0000
vn 0.9891 0.1475 -0.0000
vn 0.4351 -0.0000 0.9004
vn 0.9424 -0.0000 0.3346
vn -0.0000 -0.7120 0.7022
vn -0.0000 -0.1714 0.9852
vn -0.0000 0.7120 0.7022
vn -0.0000 0.1714 0.9852
vn -0.0000 -1.0000 -0.0000
vn -1.0000 -0.0000 -0.0000
vn -0.0000 -0.0000 1.0000
vn -0.0000 1.0000 -0.0000
vn -0.0000 -0.0000 -1.0000
vn 1.0000 -0.0000 -0.0000
vt 0.135000 0.740000
vt 0.135000 0.750000
vt 0.129226 0.750000
vt 0.125000 0.740000
vt 0.385000 0.990000
vt 0.385000 1.000000
vt 0.379227 1.000000
vt 0.375000 0.990000
vt 0.385000 0.010000
vt 0.375000 0.010000
vt 0.375000 0.004226
vt 0.385000 0.000000
vt 0.615000 0.990000
vt 0.625000 0.990000
vt 0.625000 0.995773
vt 0.615000 1.000000
vt 0.865000 0.740000
vt 0.875000 0.740000
vt 0.875000 0.745774
vt 0.865000 0.750000
vt 0.615000 0.010000
vt 0.615000 0.000000
vt 0.620773 0.000000
vt 0.625000 0.010000
vt 0.135000 0.510000
vt 0.125000 0.510000
vt 0.125000 0.504227
vt 0.135000 0.500000
vt 0.385000 0.240000
vt 0.385000 0.250000
vt 0.377113 0.252113
vt 0.375000 0.240000
vt 0.385000 0.260000
vt 0.375000 0.260000
vt 0.865000 0.510000
vt 0.865000 0.500000
vt 0.870773 0.500000
vt 0.875000 0.510000
vt 0.615000 0.260000
vt 0.615000 0.250000
vt 0.622887 0.247887
vt 0.625000 0.260000
vt 0.615000 0.240000
vt 0.625000 0.240000
vt 0.365000 0.740000
vt 0.375000 0.740000
vt 0.376409 0.750000
vt 0.370000 0.755000
vt 0.385000 0.740000
vt 0.385000 0.750000
vt 0.385000 0.760000
vt 0.635000 0.740000
vt 0.630000 0.755000
vt 0.625000 0.748591
vt 0.625000 0.740000
vt 0.615000 0.760000
vt 0.615000 0.750000
vt 0.615000 0.740000
vt 0.365000 0.510000
vt 0.370000 0.495000
vt 0.375000 0.501409
vt 0.375000 0.510000
vt 0.385000 0.490000
vt 0.385000 0.500000
vt 0.385000 0.510000
vt 0.635000 0.510000
vt 0.625000 0.510000
vt 0.623591 0.500000
vt 0.630000 0.495000
vt 0.615000 0.510000
vt 0.615000 0.500000
vt 0.615000 0.490000
s 0
usemtl Body
f 505/691/453 508/692/453 509/693/453 511/694/453
f 506/695/454 510/696/454 509/697/454 508/698/454
f 507/699/455 511/700/455 509/701/455 510/702/455
f 512/703/456 515/704/456 516/705/456 518/706/456
f 513/707/457 517/708/457 516/709/457 515/710/457
f 514/711/458 518/712/458 516/713/458 517/714/458
f 519/715/459 522/716/459 523/717/459 525/718/459
f 520/719/460 524/720/460 523/721/460 522/722/460
f 521/723/461 525/724/461 523/721/461 524/720/461
f 526/725/462 529/726/462 530/727/462 532/728/462
f 527/729/463 531/730/463 530/731/463 529/732/463
f 528/733/464 532/734/464 530/731/464 531/730/464
f 533/735/465 536/736/465 537/737/465 539/738/465
f 534/739/466 538/740/466 537/737/466 536/736/466
f 535/741/467 539/738/467 537/737/467 538/740/467
f 540/742/468 543/743/468 544/744/468 546/745/468
f 541/746/469 545/747/469 544/744/469 543/743/469
f 542/748/470 546/745/470 544/744/470 545/747/470
f 547/749/471 550/750/471 551/751/471 553/752/471
f 548/753/472 552/754/472 551/751/472 550/750/472
f 549/755/473 553/752/473 551/751/473 552/754/473
f 554/756/474 557/757/474 558/758/474 560/759/474
f 555/760/475 559/761/475 558/758/475 557/757/475
f 556/762/476 560/759/476 558/758/476 559/761/476
f 519/715/477 505/691/477 511/694/477 522/716/477
f 522/722/478 511/700/478 507/699/478 520/719/478
f 506/695/479 512/703/479 518/706/479 510/696/479
f 510/702/480 518/712/480 514/711/480 507/699/480
f 513/707/481 526/725/481 532/728/481 517/708/481
f 517/714/482 532/734/482 528/733/482 514/711/482
f 527/729/483 521/723/483 524/720/483 531/730/483
f 531/730/484 524/720/484 520/719/484 528/733/484
f 547/749/485 519/715/485 525/718/485 550/750/485
f 550/750/486 525/724/486 521/723/486 548/753/486
f 526/725/487 554/756/487 560/759/487 529/726/487
f 529/732/488 560/759/488 556/762/488 527/729/488
f 555/760/489 549/755/489 552/754/489 559/761/489
f 559/761/490 552/754/490 548/753/490 556/762/490
f 533/735/491 547/749/491 553/752/491 536/736/491
f 536/736/492 553/752/492 549/755/492 534/739/492
f 554/756/493 540/742/493 546/745/493 557/757/493
f 557/757/494 546/745/494 542/748/494 555/760/494
f 541/746/495 535/741/495 538/740/495 545/747/495
f 545/747/496 538/740/496 534/739/496 542/748/496
f 505/691/497 533/735/497 539/738/497 508/692/497
f 508/698/498 539/738/498 535/741/498 506/695/498
f 540/742/499 513/707/499 515/710/499 543/743/499
f 543/743/500 515/704/500 512/703/500 541/746/500
f 519/715/501 547/749/501 533/735/501 505/691/501
f 507/699/502 514/711/502 528/733/502 520/719/502
f 535/741/503 541/746/503 512/703/503 506/695/503
f 554/756/504 526/725/504 513/707/504 540/742/504
f 521/723/505 527/729/505 556/762/505 548/753/505
f 549/755/506 555/760/506 542/748/506 534/739/506
o Arm_Elbow
v -0.193200 1.380000 0.156000
v -0.193200 1.393600 0.180000
v -0.210000 1.393600 0.156000
v -0.193200 1.383983 0.172971
v -0.202899 1.385748 0.169856
v -0.205079 1.393600 0.172971
v -0.205079 1.383983 0.156000
v -0.193200 1.706400 0.180000
v -0.193200 1.720000 0.156000
v -0.210000 1.706400 0.156000
v -0.193200 1.716017 0.172971
v -0.202899 1.714252 0.169856
v -0.205079 1.716017 0.156000
v -0.205079 1.706400 0.172971
v -0.193200 1.380000 -0.396000
v -0.210000 1.393600 -0.396000
v -0.193200 1.393600 -0.420000
v -0.205079 1.383983 -0.396000
v -0.202899 1.385748 -0.409856
v -0.205079 1.393600 -0.412971
v -0.193200 1.383983 -0.412971
v -0.193200 1.720000 -0.396000
v -0.193200 1.706400 -0.420000
v -0.210000 1.706400 -0.396000
v -0.193200 1.716017 -0.412971
v -0.202899 1.714252 -0.409856
v -0.205079 1.706400 -0.412971
v -0.205079 1.716017 -0.396000
v 0.193200 1.380000 0.156000
v 0.210000 1.393600 0.156000
v 0.193200 1.393600 0.180000
v 0.205079 1.383983 0.156000
v 0.202899 1.385748 0.169856
v 0.205079 1.393600 0.172971
v 0.193200 1.383983 0.172971
v 0.193200 1.720000 0.156000
v 0.193200 1.706400 0.180000
v 0.210000 1.706400 0.156000
v 0.193200 1.716017 0.172971
v 0.202899 1.714252 0.169856
v 0.205079 1.706400 0.172971
v 0.205079 1.716017 0.156000
v 0.193200 1.380000 -0.396000
v 0.193200 1.393600 -0.420000
v 0.210000 1.393600 -0.396000
v 0.193200 1.383983 -0.412971
v 0.202899 1.385748 -0.409856
v 0.205079 1.393600 -0.412971
v 0.205079 1.383983 -0.396000
v 0.193200 1.720000 -0.396000
v 0.210000 1.706400 -0.396000
v 0.193200 1.706400 -0.420000
v 0.205079 1.716017 -0.396000
v 0.202899 1.714252 -0.409856
v 0.205079 1.706400 -0.412971
v 0.193200 1.716017 -0.412971
vn -0.2786 -0.9404 0.1950
vn -0.4021 -0.4968 0.7691
vn -0.8873 -0.4012 0.2273
vn -0.4021 0.4968 0.7691
vn -0.2786 0.9404 0.1950
vn -0.8873 0.4012 0.2273
vn -0.2786 -0.9404 -0.1950
vn -0.8873 -0.4012 -0.2273
vn -0.4021 -0.4968 -0.7691
vn -0.2786 0.9404 -0.1950
vn -0.4021 0.4968 -0.7691
vn -0.8873 0.4012 -0.2273
vn 0.2786 -0.9404 0.1950
vn 0.8873 -0.4012 0.2273
vn 0.4021 -0.4968 0.7691
vn 0.2786 0.9404 0.1950
vn 0.4021 0.4968 0.7691
vn 0.8873 0.4012 0.2273
vn 0.2786 -0.9404 -0.1950
vn 0.4021 -0.4968 -0.7691
vn 0.8873 -0.4012 -0.2273
vn 0.2786 0.9404 -0.1950
vn 0.8873 0.4012 -0.2273
vn 0.4021 0.4968 -0.7691
vn -0.3179 -0.9481 -0.0000
vn -0.8902 -0.4555 -0.0000
vn -0.5093 -0.0000 0.8606
vn -0.9604 -0.0000 0.2785
vn -0.3179 0.9481 -0.0000
vn -0.8902 0.4555 -0.0000
vn -0.5093 -0.0000 -0.8606
vn -0.9604 -0.0000 -0.2785
vn -0.0000 -0.9735 -0.2285
vn -0.0000 -0.5901 -0.8073
vn -0.0000 0.9735 -0.2285
vn -0.0000 0.5901 -0.8073
vn 0.9604 -0.0000 -0.2785
vn 0.5093 -0.0000 -0.8606
vn 0.3179 -0.9481 -0.0000
vn 0.8902 -0.4555 -0.0000
vn 0.3179 0.9481 -0.0000
vn 0.8902 0.4555 -0.0000
vn 0.5093 -0.0000 0.8606
vn 0.9604 -0.0000 0.2785
vn -0.0000 -0.9735 0.2285
vn -0.0000 -0.5901 0.8073
vn -0.0000 0.9735 0.2285
vn -0.0000 0.5901 0.8073
vn -0.0000 -1.0000 -0.0000
vn -1.0000 -0.0000 -0.0000
vn -0.0000 -0.0000 1.0000
vn -0.0000 1.0000 -0.0000
vn -0.0000 -0.0000 -1.0000
vn 1.0000 -0.0000 -0.0000
vt 0.135000 0.740000
vt 0.135000 0.750000
vt 0.129226 0.750000
vt 0.125000 0.740000
vt 0.385000 0.990000
vt 0.385000 1.000000
vt 0.379227 1.000000
vt 0.375000 0.990000
vt 0.385000 0.010000
vt 0.375000 0.010000
vt 0.375000 0.004226
vt 0.385000 0.000000
vt 0.615000 0.990000
vt 0.625000 0.990000
vt 0.625000 0.995773
vt 0.615000 1.000000
vt 0.865000 0.740000
vt 0.875000 0.740000
vt 0.875000 0.745774
vt 0.865000 0.750000
vt 0.615000 0.010000
vt 0.615000 0.000000
vt 0.620773 0.000000
vt 0.625000 0.010000
vt 0.135000 0.510000
vt 0.125000 0.510000
vt 0.125000 0.504227
vt 0.135000 0.500000
vt 0.385000 0.240000
vt 0.385000 0.250000
vt 0.377113 0.252113
vt 0.375000 0.240000
vt 0.385000 0.260000
vt 0.375000 0.260000
vt 0.865000 0.510000
vt 0.865000 0.500000
vt 0.870773 0.500000
vt 0.875000 0.510000
vt 0.615000 0.260000
vt 0.615000 0.250000
vt 0.622887 0.247887
vt 0.625000 0.260000
vt 0.615000 0.240000
vt 0.625000 0.240000
vt 0.365000 0.740000
vt 0.375000 0.740000
vt 0.376409 0.750000
vt 0.370000 0.755000
vt 0.385000 0.740000
vt 0.385000 0.750000
vt 0.385000 0.760000
vt 0.635000 0.740000
vt 0.630000 0.755000
vt 0.625000 0.748591
vt 0.625000 0.740000
vt 0.615000 0.760000
vt 0.615000 0.750000
vt 0.615000 0.740000
vt 0.365000 0.510000
vt 0.370000 0.495000
vt 0.375000 0.501409
vt 0.375000 0.510000
vt 0.385000 0.490000
vt 0.385000 0.500000
vt 0.385000 0.510000
vt 0.635000 0.510000
vt 0.625000 0.510000
vt 0.623591 0.500000
vt 0.630000 0.495000
vt 0.615000 0.510000
vt 0.615000 0.500000
vt 0.615000 0.490000
s 0
usemtl Dark
f 561/763/507 564/764/507 565/765/507 567/766/507
f 562/767/508 566/768/508 565/769/508 564/770/508
f 563/771/509 567/772/509 565/773/509 566/774/509
f 568/775/510 571/776/510 572/777/510 574/778/510
f 569/779/511 573/780/511 572/781/511 571/782/511
f 570/783/512 574/784/512 572/785/512 573/786/512
f 575/787/513 578/788/513 579/789/513 581/790/513
f 576/791/514 580/792/514 579/793/514 578/794/514
f 577/795/515 581/796/515 579/793/515 580/792/515
f 582/797/516 585/798/516 586/799/516 588/800/516
f 583/801/517 587/802/517 586/803/517 585/804/517
f 584/805/518 588/806/518 586/803/518 587/802/518
f 589/807/519 592/808/519 593/809/519 595/810/519
f 590/811/520 594/812/520 593/809/520 592/808/520
f 591/813/521 595/810/521 593/809/521 594/812/521
f 596/814/522 599/815/522 600/816/522 602/817/522
f 597/818/523 601/819/523 600/816/523 599/815/523
f 598/820/524 602/817/524 600/816/524 601/819/524
f 603/821/525 606/822/525 607/823/525 609/824/525
f 604/825/526 608/826/526 607/823/526 606/822/526
f 605/827/527 609/824/527 607/823/527 608/826/527
f 610/828/528 613/829/528 614/830/528 616/831/528
f 611/832/529 615/833/529 614/830/529 613/829/529
f 612/834/530 616/831/530 614/830/530 615/833/530
f 575/787/531 561/763/531 567/766/531 578/788/531
f 578/794/532 567/772/532 563/771/532 576/791/532
f 562/767/533 568/775/533 574/778/533 566/768/533
f 566/774/534 574/784/534 570/783/534 563/771/534
f 569/779/535 582/797/535 588/800/535 573/780/535
f 573/786/536 588/806/536 584/805/536 570/783/536
f 583/801/537 577/795/537 580/792/537 587/802/537
f 587/802/538 580/792/538 576/791/538 584/805/538
f 603/821/539 575/787/539 581/790/539 606/822/539
f 606/822/540 581/796/540 577/795/540 604/825/540
f 582/797/541 610/828/541 616/831/541 585/798/541
f 585/804/542 616/831/542 612/834/542 583/801/542
f 611/832/543 605/827/543 608/826/543 615/833/543
f 615/833/544 608/826/544 604/825/544 612/834/544
f 589/807/545 603/821/545 609/824/545 592/808/545
f 592/808/546 609/824/546 605/827/546 590/811/546
f 610/828/547 596/814/547 602/817/547 613/829/547
f 613/829/548 602/817/548 598/820/548 611/832/548
f 597/818/549 591/813/549 594/812/549 601/819/549
f 601/819/550 594/812/550 590/811/550 598/820/550
f 561/763/551 589/807/551 595/810/551 564/764/551
f 564/770/552 595/810/552 591/813/552 562/767/552
f 596/814/553 569/779/553 571/782/553 599/815/553
f 599/815/554 571/776/554 568/775/554 597/818/554
f 575/787/555 603/821/555 589/807/555 561/763/555
f 563/771/556 570/783/556 584/805/556 576/791/556
f 591/813/557 597/818/557 568/775/557 562/767/557
f 610/828/558 582/797/558 569/779/558 596/814/558
f 577/795/559 583/801/559 612/834/559 604/825/559
f 605/827/560 611/832/560 598/820/560 590/811/560
o Breech
v -0.257600 1.460000 0.437000
v -0.257600 1.485600 0.475000
v -0.280000 1.485600 0.437000
v -0.257600 1.467498 0.463870
v -0.270533 1.470820 0.458939
v -0.273439 1.485600 0.463870
v -0.273439 1.467498 0.437000
v -0.257600 2.074400 0.475000
v -0.257600 2.100000 0.437000
v -0.280000 2.074400 0.437000
v -0.257600 2.092502 0.463870
v -0.270533 2.089180 0.458939
v -0.273439 2.092502 0.437000
v -0.273439 2.074400 0.463870
v -0.257600 1.460000 -0.437000
v -0.280000 1.485600 -0.437000
v -0.257600 1.485600 -0.475000
v -0.273439 1.467498 -0.437000
v -0.270533 1.470820 -0.458939
v -0.273439 1.485600 -0.463870
v -0.257600 1.467498 -0.463870
v -0.257600 2.100000 -0.437000
v -0.257600 2.074400 -0.475000
v -0.280000 2.074400 -0.437000
v -0.257600 2.092502 -0.463870
v -0.270533 2.089180 -0.458939
v -0.273439 2.074400 -0.463870
v -0.273439 2.092502 -0.437000
v 0.257600 1.460000 0.437000
v 0.280000 1.485600 0.437000
v 0.257600 1.485600 0.475000
v 0.273439 1.467498 0.437000
v 0.270533 1.470820 0.458939
v 0.273439 1.485600 0.463870
v 0.257600 1.467498 0.463870
v 0.257600 2.100000 0.437000
v 0.257600 2.074400 0.475000
v 0.280000 2.074400 0.437000
v 0.257600 2.092502 0.463870
v 0.270533 2.089180 0.458939
v 0.273439 2.074400 0.463870
v 0.273439 2.092502 0.437000
v 0.257600 1.460000 -0.437000
v 0.257600 1.485600 -0.475000
v 0.280000 1.485600 -0.437000
v 0.257600 1.467498 -0.463870
v 0.270533 1.470820 -0.458939
v 0.273439 1.485600 -0.463870
v 0.273439 1.467498 -0.437000
v 0.257600 2.100000 -0.437000
v 0.280000 2.074400 -0.437000
v 0.257600 2.074400 -0.475000
v 0.273439 2.092502 -0.437000
v 0.270533 2.089180 -0.458939
v 0.273439 2.074400 -0.463870
v 0.257600 2.092502 -0.463870
vn -0.3763 -0.8996 0.2218
vn -0.4790 -0.4191 0.7713
vn -0.9329 -0.2988 0.2013
vn -0.4790 0.4191 0.7713
vn -0.3763 0.8996 0.2218
vn -0.9329 0.2988 0.2013
vn -0.3763 -0.8996 -0.2218
vn -0.9329 -0.2988 -0.2013
vn -0.4790 -0.4191 -0.7713
vn -0.3763 0.8996 -0.2218
vn -0.4790 0.4191 -0.7713
vn -0.9329 0.2988 -0.2013
vn 0.3763 -0.8996 0.2218
vn 0.9329 -0.2988 0.2013
vn 0.4790 -0.4191 0.7713
vn 0.3763 0.8996 0.2218
vn 0.4790 0.4191 0.7713
vn 0.9329 0.2988 0.2013
vn 0.3763 -0.8996 -0.2218
vn 0.4790 -0.4191 -0.7713
vn 0.9329 -0.2988 -0.2013
vn 0.3763 0.8996 -0.2218
vn 0.9329 0.2988 -0.2013
vn 0.4790 0.4191 -0.7713
vn -0.4279 -0.9038 -0.0000
vn -0.9402 -0.3407 -0.0000
vn -0.5749 -0.0000 0.8182
vn -0.9715 -0.0000 0.2372
vn -0.4279 0.9038 -0.0000
vn -0.9402 0.3407 -0.0000
vn -0.5749 -0.0000 -0.8182
vn -0.9715 -0.0000 -0.2372
vn -0.0000 -0.9632 -0.2688
vn -0.0000 -0.5238 -0.8519
vn -0.0000 0.9632 -0.2688
vn -0.0000 0.5238 -0.8519
vn 0.9715 -0.0000 -0.2372
vn 0.5749 -0.0000 -0.8182
vn 0.4279 -0.9038 -0.0000
vn 0.9402 -0.3407 -0.0000
vn 0.4279 0.9038 -0.0000
vn 0.9402 0.3407 -0.0000
vn 0.5749 -0.0000 0.8182
vn 0.9715 -0.0000 0.2372
vn -0.0000 -0.9632 0.2688
vn -0.0000 -0.5238 0.8519
vn -0.0000 0.9632 0.2688
vn -0.0000 0.5238 0.8519
vn -0.0000 -1.0000 -0.0000
vn -1.0000 -0.0000 -0.0000
vn -0.0000 -0.0000 1.0000
vn -0.0000 1.0000 -0.0000
vn -0.0000 -0.0000 -1.0000
vn 1.0000 -0.0000 -0.0000
vt 0.135000 0.740000
vt 0.135000 0.750000
vt 0.129226 0.750000
vt 0.125000 0.740000
vt 0.385000 0.990000
vt 0.385000 1.000000
vt 0.379227 1.000000
vt 0.375000 0.990000
vt 0.385000 0.010000
vt 0.375000 0.010000
vt 0.375000 0.004226
vt 0.385000 0.000000
vt 0.615000 0.990000
vt 0.625000 0.990000
vt 0.625000 0.995773
vt 0.615000 1.000000
vt 0.865000 0.740000
vt 0.875000 0.740000
vt 0.875000 0.745774
vt 0.865000 0.750000
vt 0.615000 0.010000
vt 0.615000 0.000000
vt 0.620773 0.000000
vt 0.625000 0.010000
vt 0.135000 0.510000
vt 0.125000 0.510000
vt 0.125000 0.504227
vt 0.135000 0.500000
vt 0.385000 0.240000
vt 0.385000 0.250000
vt 0.377113 0.252113
vt 0.375000 0.240000
vt 0.385000 0.260000
vt 0.375000 0.260000
vt 0.865000 0.510000
vt 0.865000 0.500000
vt 0.870773 0.500000
vt 0.875000 0.510000
vt 0.615000 0.260000
vt 0.615000 0.250000
vt 0.622887 0.247887
vt 0.625000 0.260000
vt 0.615000 0.240000
vt 0.625000 0.240000
vt 0.365000 0.740000
vt 0.375000 0.740000
vt 0.376409 0.750000
vt 0.370000 0.755000
vt 0.385000 0.740000
vt 0.385000 0.750000
vt 0.385000 0.760000
vt 0.635000 0.740000
vt 0.630000 0.755000
vt 0.625000 0.748591
vt 0.625000 0.740000
vt 0.615000 0.760000
vt 0.615000 0.750000
vt 0.615000 0.740000
vt 0.365000 0.510000
vt 0.370000 0.495000
vt 0.375000 0.501409
vt 0.375000 0.510000
vt 0.385000 0.490000
vt 0.385000 0.500000
vt 0.385000 0.510000
vt 0.635000 0.510000
vt 0.625000 0.510000
vt 0.623591 0.500000
vt 0.630000 0.495000
vt 0.615000 0.510000
vt 0.615000 0.500000
vt 0.615000 0.490000
s 0
usemtl Body
f 617/835/561 620/836/561 621/837/561 623/838/561
f 618/839/562 622/840/562 621/841/562 620/842/562
f 619/843/563 623/844/563 621/845/563 622/846/563
f 624/847/564 627/848/564 628/849/564 630/850/564
f 625/851/565 629/852/565 628/853/565 627/854/565
f 626/855/566 630/856/566 628/857/566 629/858/566
f 631/859/567 634/860/567 635/861/567 637/862/567
f 632/863/568 636/864/568 635/865/568 634/866/568
f 633/867/569 637/868/569 635/865/569 636/864/569
f 638/869/570 641/870/570 642/871/570 644/872/570
f 639/873/571 643/874/571 642/875/571 641/876/571
f 640/877/572 644/878/572 642/875/572 643/874/572
f 645/879/573 648/880/573 649/881/573 651/882/573
f 646/883/574 650/884/574 649/881/574 648/880/574
f 647/885/575 651/882/575 649/881/575 650/884/575
f 652/886/576 655/887/576 656/888/576 658/889/576
f 653/890/577 657/891/577 656/888/577 655/887/577
f 654/892/578 658/889/578 656/888/578 657/891/578
f 659/893/579 662/894/579 663/895/579 665/896/579
f 660/897/580 664/898/580 663/895/580 662/894/580
f 661/899/581 665/896/581 663/895/581 664/898/581
f 666/900/582 669/901/582 670/902/582 672/903/582
f 667/904/583 671/905/583 670/902/583 669/901/583
f 668/906/584 672/903/584 670/902/584 671/905/584
f 631/859/585 617/835/585 623/838/585 634/860/585
f 634/866/586 623/844/586 619/843/586 632/863/586
f 618/839/587 624/847/587 630/850/587 622/840/587
f 622/846/588 630/856/588 626/855/588 619/843/588
f 625/851/589 638/869/589 644/872/589 629/852/589
f 629/858/590 644/878/590 640/877/590 626/855/590
f 639/873/591 633/867/591 636/864/591 643/874/591
f 643/874/592 636/864/592 632/863/592 640/877/592
f 659/893/593 631/859/593 637/862/593 662/894/593
f 662/894/594 637/868/594 633/867/594 660/897/594
f 638/869/595 666/900/595 672/903/595 641/870/595
f 641/876/596 672/903/596 668/906/596 639/873/596
f 667/904/597 661/899/597 664/898/597 671/905/597
f 671/905/598 664/898/598 660/897/598 668/906/598
f 645/879/599 659/893/599 665/896/599 648/880/599
f 648/880/600 665/896/600 661/899/600 646/883/600
f 666/900/601 652/886/601 658/889/601 669/901/601
f 669/901/602 658/889/602 654/892/602 667/904/602
f 653/890/603 647/885/603 650/884/603 657/891/603
f 657/891/604 650/884/604 646/883/604 654/892/604
f 617/835/605 645/879/605 651/882/605 620/836/605
f 620/842/606 651/882/606 647/885/606 618/839/606
f 652/886/607 625/851/607 627/854/607 655/887/607
f 655/887/608 627/848/608 624/847/608 653/890/608
f 631/859/609 659/893/609 645/879/609 617/835/609
f 619/843/610 626/855/610 640/877/610 632/863/610
f 647/885/611 653/890/611 624/847/611 618/839/611
f 666/900/612 638/869/612 625/851/612 652/886/612
f 633/867/613 639/873/613 668/906/613 660/897/613
f 661/899/614 667/904/614 654/892/614 646/883/614
o Counterweight
v 0.000000 2.095359 0.385000
v -0.025981 2.115000 0.415000
v 0.025981 2.115000 0.415000
v 0.000000 2.095359 0.935000
v 0.025981 2.115000 0.905000
v -0.025981 2.115000 0.905000
v 0.255788 1.947680 0.385000
v 0.259808 1.980000 0.415000
v 0.285788 1.935000 0.415000
v 0.255788 1.947679 0.935000
v 0.285788 1.935000 0.905000
v 0.259808 1.980000 0.905000
v 0.255788 1.652321 0.385000
v 0.285788 1.665000 0.415000
v 0.259808 1.620000 0.415000
v 0.255788 1.652320 0.935000
v 0.259808 1.620000 0.905000
v 0.285788 1.665000 0.905000
v 0.000000 1.504641 0.385000
v 0.025981 1.485000 0.415000
v -0.025981 1.485000 0.415000
v 0.000000 1.504641 0.935000
v -0.025981 1.485000 0.905000
v 0.025981 1.485000 0.905000
v -0.255788 1.652321 0.385000
v -0.259808 1.620000 0.415000
v -0.285788 1.665000 0.415000
v -0.255788 1.652320 0.935000
v -0.285788 1.665000 0.905000
v -0.259808 1.620000 0.905000
v -0.255788 1.947680 0.385000
v -0.285788 1.935000 0.415000
v -0.259808 1.980000 0.415000
v -0.255788 1.947679 0.935000
v -0.259808 1.980000 0.905000
v -0.285788 1.935000 0.905000
vn -0.0000 0.8366 -0.5477
vn -0.0000 0.8366 0.5477
vn 0.7246 0.4183 -0.5478
vn 0.7246 0.4183 0.5478
vn 0.7246 -0.4183 -0.5478
vn 0.7246 -0.4183 0.5478
vn -0.0000 -0.8366 -0.5478
vn -0.0000 -0.8366 0.5477
vn -0.7246 -0.4183 -0.5478
vn -0.7246 -0.4183 0.5478
vn -0.7246 0.4183 -0.5478
vn -0.7246 0.4183 0.5478
vn 0.3536 0.6124 -0.7071
vn 0.3536 0.6124 0.7071
vn -0.0000 1.0000 -0.0000
vn 0.8660 0.5000 -0.0000
vn 0.7071 -0.0000 -0.7071
vn 0.7071 -0.0000 0.7071
vn 0.8660 -0.5000 -0.0000
vn 0.3536 -0.6124 -0.7071
vn 0.3536 -0.6124 0.7071
vn -0.0000 -1.0000 -0.0000
vn -0.3536 -0.6124 -0.7071
vn -0.3536 -0.6124 0.7071
vn -0.8660 -0.5000 -0.0000
vn -0.7071 -0.0000 -0.7071
vn -0.7071 -0.0000 0.7071
vn -0.8660 0.5000 -0.0000
vn -0.3536 0.6124 -0.7071
vn -0.3536 0.6124 0.7071
vn -0.0000 -0.0000 -1.0000
vn 0.5000 0.8660 -0.0000
vn -0.5000 0.8660 -0.0000
vn -0.0000 -0.0000 1.0000
vn 1.0000 -0.0000 -0.0000
vn 0.5000 -0.8660 -0.0000
vn -0.5000 -0.8660 -0.0000
vn -1.0000 -0.0000 -0.0000
vt 0.750000 0.464807
vt 0.731105 0.479091
vt 0.768895 0.479091
vt 0.250000 0.464807
vt 0.268895 0.479091
vt 0.231105 0.479091
vt 0.936028 0.357403
vt 0.938951 0.380909
vt 0.957846 0.348182
vt 0.436028 0.357403
vt 0.457846 0.348182
vt 0.438951 0.380909
vt 0.936028 0.142597
vt 0.957846 0.151818
vt 0.938951 0.119091
vt 0.436028 0.142597
vt 0.438951 0.119091
vt 0.457846 0.151818
vt 0.750000 0.035193
vt 0.768895 0.020909
vt 0.731105 0.020909
vt 0.250000 0.035193
vt 0.231105 0.020909
vt 0.268895 0.020909
vt 0.563972 0.142597
vt 0.561049 0.119091
vt 0.542154 0.151818
vt 0.063972 0.142597
vt 0.042154 0.151818
vt 0.061049 0.119091
vt 0.563972 0.357403
vt 0.542154 0.348182
vt 0.561049 0.380909
vt 0.063972 0.357403
vt 0.061049 0.380909
vt 0.042154 0.348182
vt 0.015151 0.527273
vt 0.015151 0.972727
vt -0.000000 0.972727
vt -0.000000 0.527273
vt 0.818182 0.972727
vt 0.818182 0.527273
vt 0.848485 0.527273
vt 0.848485 0.972727
vt 0.651515 0.972727
vt 0.651515 0.527273
vt 0.681818 0.527273
vt 0.681818 0.972727
vt 0.484848 0.972727
vt 0.484848 0.527273
vt 0.515151 0.527273
vt 0.515151 0.972727
vt 0.318182 0.972727
vt 0.318182 0.527273
vt 0.348485 0.527273
vt 0.348485 0.972727
vt 0.151515 0.972727
vt 0.151515 0.527273
vt 0.181818 0.527273
vt 0.181818 0.972727
vt 0.984848 0.527273
vt 0.984848 0.972727
s 0
usemtl Body
f 673/907/615 674/908/615 675/909/615
f 676/910/616 677/911/616 678/912/616
f 679/913/617 680/914/617 681/915/617
f 682/916/618 683/917/618 684/918/618
f 685/919/619 686/920/619 687/921/619
f 688/922/620 689/923/620 690/924/620
f 691/925/621 692/926/621 693/927/621
f 694/928/622 695/929/622 696/930/622
f 697/931/623 698/932/623 699/933/623
f 700/934/624 701/935/624 702/936/624
f 703/937/625 704/938/625 705/939/625
f 706/940/626 707/941/626 708/942/626
f 675/909/627 680/914/627 679/913/627 673/907/627
f 684/918/628 677/911/628 676/910/628 682/916/628
f 674/943/629 678/944/629 677/945/629 675/946/629
f 683/947/630 681/948/630 680/949/630 684/950/630
f 681/915/631 686/920/631 685/919/631 679/913/631
f 690/924/632 683/917/632 682/916/632 688/922/632
f 689/951/633 687/952/633 686/953/633 690/954/633
f 687/921/634 692/926/634 691/925/634 685/919/634
f 696/930/635 689/923/635 688/922/635 694/928/635
f 695/955/636 693/956/636 692/957/636 696/958/636
f 693/927/637 698/932/637 697/931/637 691/925/637
f 702/936/638 695/929/638 694/928/638 700/934/638
f 701/959/639 699/960/639 698/961/639 702/962/639
f 699/933/640 704/938/640 703/937/640 697/931/640
f 708/942/641 701/935/641 700/934/641 706/940/641
f 707/963/642 705/964/642 704/965/642 708/966/642
f 705/939/643 674/908/643 673/907/643 703/937/643
f 678/912/644 707/941/644 706/940/644 676/910/644
f 673/907/645 679/913/645 685/919/645 691/925/645 697/931/645 703/937/645
f 675/967/646 677/968/646 684/950/646 680/949/646
f 705/964/647 707/963/647 678/944/647 674/943/647
f 682/916/648 676/910/648 706/940/648 700/934/648 694/928/648 688/922/648
f 681/948/649 683/947/649 690/954/649 686/953/649
f 687/952/650 689/951/650 696/958/650 692/957/650
f 693/956/651 695/955/651 702/962/651 698/961/651
f 699/960/652 701/959/652 708/966/652 704/965/652
o SideOptic
v 0.420000 1.780000 -0.360000
v 0.620000 1.780000 -0.360000
v 0.420000 1.711117 -0.346298
v 0.620000 1.711117 -0.346298
v 0.420000 1.652721 -0.307279
v 0.620000 1.652721 -0.307279
v 0.420000 1.613702 -0.248883
v 0.620000 1.613702 -0.248883
v 0.420000 1.600000 -0.180000
v 0.620000 1.600000 -0.180000
v 0.420000 1.613702 -0.111117
v 0.620000 1.613702 -0.111117
v 0.420000 1.652721 -0.052721
v 0.620000 1.652721 -0.052721
v 0.420000 1.711117 -0.013702
v 0.620000 1.711117 -0.013702
v 0.420000 1.780000 0.000000
v 0.620000 1.780000 0.000000
v 0.420000 1.848883 -0.013702
v 0.620000 1.848883 -0.013702
v 0.420000 1.907279 -0.052721
v 0.620000 1.907279 -0.052721
v 0.420000 1.946298 -0.111117
v 0.620000 1.946298 -0.111117
v 0.420000 1.960000 -0.180000
v 0.620000 1.960000 -0.180000
v 0.420000 1.946298 -0.248883
v 0.620000 1.946298 -0.248883
v 0.420000 1.907279 -0.307279
v 0.620000 1.907279 -0.307279
v 0.420000 1.848883 -0.346298
v 0.620000 1.848883 -0.346298
vn -0.0000 -0.1951 -0.9808
vn -0.0000 -0.5556 -0.8315
vn -0.0000 -0.8315 -0.5556
vn -0.0000 -0.9808 -0.1951
vn -0.0000 -0.9808 0.1951
vn -0.0000 -0.8315 0.5556
vn -0.0000 -0.5556 0.8315
vn -0.0000 -0.1951 0.9808
vn -0.0000 0.1951 0.9808
vn -0.0000 0.5556 0.8315
vn -0.0000 0.8315 0.5556
vn -0.0000 0.9808 0.1951
vn -0.0000 0.9808 -0.1951
vn -0.0000 0.8315 -0.5556
vn 1.0000 -0.0000 -0.0000
vn -0.0000 0.5556 -0.8315
vn -0.0000 0.1951 -0.9808
vn -1.0000 -0.0000 -0.0000
vt 1.000000 0.500000
vt 1.000000 1.000000
vt 0.937500 1.000000
vt 0.937500 0.500000
vt 0.875000 1.000000
vt 0.875000 0.500000
vt 0.812500 1.000000
vt 0.812500 0.500000
vt 0.750000 1.000000
vt 0.750000 0.500000
vt 0.687500 1.000000
vt 0.687500 0.500000
vt 0.625000 1.000000
vt 0.625000 0.500000
vt 0.562500 1.000000
vt 0.562500 0.500000
vt 0.500000 1.000000
vt 0.500000 0.500000
vt 0.437500 1.000000
vt 0.437500 0.500000
vt 0.375000 1.000000
vt 0.375000 0.500000
vt 0.312500 1.000000
vt 0.312500 0.500000
vt 0.250000 1.000000
vt 0.250000 0.500000
vt 0.187500 1.000000
vt 0.187500 0.500000
vt 0.125000 1.000000
vt 0.125000 0.500000
vt 0.341844 0.471731
vt 0.250000 0.490000
vt 0.158156 0.471731
vt 0.080294 0.419706
vt 0.028269 0.341844
vt 0.010000 0.250000
vt 0.028269 0.158156
vt 0.080294 0.080294
vt 0.158156 0.028269
vt 0.250000 0.010000
vt 0.341844 0.028269
vt 0.419706 0.080294
vt 0.471731 0.158156
vt 0.490000 0.250000
vt 0.471731 0.341844
vt 0.419706 0.419706
vt 0.062500 1.000000
vt 0.062500 0.500000
vt 0.000000 1.000000
vt 0.000000 0.500000
vt 0.750000 0.490000
vt 0.841844 0.471731
vt 0.919706 0.419706
vt 0.971731 0.341844
vt 0.990000 0.250000
vt 0.971731 0.158156
vt 0.919706 0.080294
vt 0.841844 0.028269
vt 0.750000 0.010000
vt 0.658156 0.028269
vt 0.580294 0.080294
vt 0.528269 0.158156
vt 0.510000 0.250000
vt 0.528269 0.341844
vt 0.580294 0.419706
vt 0.658156 0.471731
s 0
usemtl Accent
f 709/969/653 710/970/653 712/971/653 711/972/653
f 711/972/654 712/971/654 714/973/654 713/974/654
f 713/974/655 714/973/655 716/975/655 715/976/655
f 715/976/656 716/975/656 718/977/656 717/978/656
f 717/978/657 718/977/657 720/979/657 719/980/657
f 719/980/658 720/979/658 722/981/658 721/982/658
f 721/982/659 722/981/659 724/983/659 723/984/659
f 723/984/660 724/983/660 726/985/660 725/986/660
f 725/986/661 726/985/661 728/987/661 727/988/661
f 727/988/662 728/987/662 730/989/662 729/990/662
f 729/990/663 730/989/663 732/991/663 731/992/663
f 731/992/664 732/991/664 734/993/664 733/994/664
f 733/994/665 734/993/665 736/995/665 735/996/665
f 735/996/666 736/995/666 738/997/666 737/998/666
f 712/999/667 710/1000/667 740/1001/667 738/1002/667 736/1003/667 734/1004/667 732/1005/667 730/1006/667 728/1007/667 726/1008/667 724/1009/667 722/1010/667 720/1011/667 718/1012/667 716/1013/667 714/1014/667
f 737/998/668 738/997/668 740/1015/668 739/1016/668
f 739/1016/669 740/1015/669 710/1017/669 709/1018/669
f 709/1019/670 711/1020/670 713/1021/670 715/1022/670 717/1023/670 719/1024/670 721/1025/670 723/1026/670 725/1027/670 727/1028/670 729/1029/670 731/1030/670 733/1031/670 735/1032/670 737/1033/670 739/1034/670
o SideLens
v 0.615000 1.780000 -0.310000
v 0.665000 1.780000 -0.310000
v 0.615000 1.730251 -0.300104
v 0.665000 1.730251 -0.300104
v 0.615000 1.688076 -0.271924
v 0.665000 1.688076 -0.271924
v 0.615000 1.659896 -0.229749
v 0.665000 1.659896 -0.229749
v 0.615000 1.650000 -0.180000
v 0.665000 1.650000 -0.180000
v 0.615000 1.659896 -0.130251
v 0.665000 1.659896 -0.130251
v 0.615000 1.688076 -0.088076
v 0.665000 1.688076 -0.088076
v 0.615000 1.730251 -0.059896
v 0.665000 1.730251 -0.059896
v 0.615000 1.780000 -0.050000
v 0.665000 1.780000 -0.050000
v 0.615000 1.829749 -0.059896
v 0.665000 1.829749 -0.059896
v 0.615000 1.871924 -0.088076
v 0.665000 1.871924 -0.088076
v 0.615000 1.900104 -0.130251
v 0.665000 1.900104 -0.130251
v 0.615000 1.910000 -0.180000
v 0.665000 1.910000 -0.180000
v 0.615000 1.900104 -0.229749
v 0.665000 1.900104 -0.229749
v 0.615000 1.871924 -0.271924
v 0.665000 1.871924 -0.271924
v 0.615000 1.829749 -0.300104
v 0.665000 1.829749 -0.300104
vn -0.0000 -0.1951 -0.9808
vn -0.0000 -0.5556 -0.8315
vn -0.0000 -0.8315 -0.5556
vn -0.0000 -0.9808 -0.1951
vn -0.0000 -0.9808 0.1951
vn -0.0000 -0.8315 0.5556
vn -0.0000 -0.5556 0.8315
vn -0.0000 -0.1951 0.9808
vn -0.0000 0.1951 0.9808
vn -0.0000 0.5556 0.8315
vn -0.0000 0.8315 0.5556
vn -0.0000 0.9808 0.1951
vn -0.0000 0.9808 -0.1951
vn -0.0000 0.8315 -0.5556
vn 1.0000 -0.0000 -0.0000
vn -0.0000 0.5556 -0.8315
vn -0.0000 0.1951 -0.9808
vn -1.0000 -0.0000 -0.0000
vt 1.000000 0.500000
vt 1.000000 1.000000
vt 0.937500 1.000000
vt 0.937500 0.500000
vt 0.875000 1.000000
vt 0.875000 0.500000
vt 0.812500 1.000000
vt 0.812500 0.500000
vt 0.750000 1.000000
vt 0.750000 0.500000
vt 0.687500 1.000000
vt 0.687500 0.500000
vt 0.625000 1.000000
vt 0.625000 0.500000
vt 0.562500 1.000000
vt 0.562500 0.500000
vt 0.500000 1.000000
vt 0.500000 0.500000
vt 0.437500 1.000000
vt 0.437500 0.500000
vt 0.375000 1.000000
vt 0.375000 0.500000
vt 0.312500 1.000000
vt 0.312500 0.500000
vt 0.250000 1.000000
vt 0.250000 0.500000
vt 0.187500 1.000000
vt 0.187500 0.500000
vt 0.125000 1.000000
vt 0.125000 0.500000
vt 0.341844 0.471731
vt 0.250000 0.490000
vt 0.158156 0.471731
vt 0.080294 0.419706
vt 0.028269 0.341844
vt 0.010000 0.250000
vt 0.028269 0.158156
vt 0.080294 0.080294
vt 0.158156 0.028269
vt 0.250000 0.010000
vt 0.341844 0.028269
vt 0.419706 0.080294
vt 0.471731 0.158156
vt 0.490000 0.250000
vt 0.471731 0.341844
vt 0.419706 0.419706
vt 0.062500 1.000000
vt 0.062500 0.500000
vt 0.000000 1.000000
vt 0.000000 0.500000
vt 0.750000 0.490000
vt 0.841844 0.471731
vt 0.919706 0.419706
vt 0.971731 0.341844
vt 0.990000 0.250000
vt 0.971731 0.158156
vt 0.919706 0.080294
vt 0.841844 0.028269
vt 0.750000 0.010000
vt 0.658156 0.028269
vt 0.580294 0.080294
vt 0.528269 0.158156
vt 0.510000 0.250000
vt 0.528269 0.341844
vt 0.580294 0.419706
vt 0.658156 0.471731
s 0
usemtl Glow
f 741/1035/671 742/1036/671 744/1037/671 743/1038/671
f 743/1038/672 744/1037/672 746/1039/672 745/1040/672
f 745/1040/673 746/1039/673 748/1041/673 747/1042/673
f 747/1042/674 748/1041/674 750/1043/674 749/1044/674
f 749/1044/675 750/1043/675 752/1045/675 751/1046/675
f 751/1046/676 752/1045/676 754/1047/676 753/1048/676
f 753/1048/677 754/1047/677 756/1049/677 755/1050/677
f 755/1050/678 756/1049/678 758/1051/678 757/1052/678
f 757/1052/679 758/1051/679 760/1053/679 759/1054/679
f 759/1054/680 760/1053/680 762/1055/680 761/1056/680
f 761/1056/681 762/1055/681 764/1057/681 763/1058/681
f 763/1058/682 764/1057/682 766/1059/682 765/1060/682
f 765/1060/683 766/1059/683 768/1061/683 767/1062/683
f 767/1062/684 768/1061/684 770/1063/684 769/1064/684
f 744/1065/685 742/1066/685 772/1067/685 770/1068/685 768/1069/685 766/1070/685 764/1071/685 762/1072/685 760/1073/685 758/1074/685 756/1075/685 754/1076/685 752/1077/685 750/1078/685 748/1079/685 746/1080/685
f 769/1064/686 770/1063/686 772/1081/686 771/1082/686
f 771/1082/687 772/1081/687 742/1083/687 741/1084/687
f 741/1085/688 743/1086/688 745/1087/688 747/1088/688 749/1089/688 751/1090/688 753/1091/688 755/1092/688 757/1093/688 759/1094/688 761/1095/688 763/1096/688 765/1097/688 767/1098/688 769/1099/688 771/1100/688
o Collar
v 0.000000 2.010000 -0.690000
v 0.000000 2.010000 -0.410000
v 0.088017 1.992492 -0.690000
v 0.088017 1.992492 -0.410000
v 0.162635 1.942635 -0.690000
v 0.162635 1.942635 -0.410000
v 0.212492 1.868017 -0.690000
v 0.212492 1.868017 -0.410000
v 0.230000 1.780000 -0.690000
v 0.230000 1.780000 -0.410000
v 0.212492 1.691983 -0.690000
v 0.212492 1.691983 -0.410000
v 0.162635 1.617365 -0.690000
v 0.162635 1.617365 -0.410000
v 0.088017 1.567508 -0.690000
v 0.088017 1.567508 -0.410000
v 0.000000 1.550000 -0.690000
v 0.000000 1.550000 -0.410000
v -0.088017 1.567508 -0.690000
v -0.088017 1.567508 -0.410000
v -0.162635 1.617365 -0.690000
v -0.162635 1.617365 -0.410000
v -0.212492 1.691983 -0.690000
v -0.212492 1.691983 -0.410000
v -0.230000 1.780000 -0.690000
v -0.230000 1.780000 -0.410000
v -0.212492 1.868017 -0.690000
v -0.212492 1.868017 -0.410000
v -0.162635 1.942635 -0.690000
v -0.162635 1.942635 -0.410000
v -0.088017 1.992492 -0.690000
v -0.088017 1.992492 -0.410000
vn 0.1951 0.9808 -0.0000
vn 0.5556 0.8315 -0.0000
vn 0.8315 0.5556 -0.0000
vn 0.9808 0.1951 -0.0000
vn 0.9808 -0.1951 -0.0000
vn 0.8315 -0.5556 -0.0000
vn 0.5556 -0.8315 -0.0000
vn 0.1951 -0.9808 -0.0000
vn -0.1951 -0.9808 -0.0000
vn -0.5556 -0.8315 -0.0000
vn -0.8315 -0.5556 -0.0000
vn -0.9808 -0.1951 -0.0000
vn -0.9808 0.1951 -0.0000
vn -0.8315 0.5556 -0.0000
vn -0.0000 -0.0000 1.0000
vn -0.5556 0.8315 -0.0000
vn -0.1951 0.9808 -0.0000
vn -0.0000 -0.0000 -1.0000
vt 1.000000 0.500000
vt 1.000000 1.000000
vt 0.937500 1.000000
vt 0.937500 0.500000
vt 0.875000 1.000000
vt 0.875000 0.500000
vt 0.812500 1.000000
vt 0.812500 0.500000
vt 0.750000 1.000000
vt 0.750000 0.500000
vt 0.687500 1.000000
vt 0.687500 0.500000
vt 0.625000 1.000000
vt 0.625000 0.500000
vt 0.562500 1.000000
vt 0.562500 0.500000
vt 0.500000 1.000000
vt 0.500000 0.500000
vt 0.437500 1.000000
vt 0.437500 0.500000
vt 0.375000 1.000000
vt 0.375000 0.500000
vt 0.312500 1.000000
vt 0.312500 0.500000
vt 0.250000 1.000000
vt 0.250000 0.500000
vt 0.187500 1.000000
vt 0.187500 0.500000
vt 0.125000 1.000000
vt 0.125000 0.500000
vt 0.341844 0.471731
vt 0.250000 0.490000
vt 0.158156 0.471731
vt 0.080294 0.419706
vt 0.028269 0.341844
vt 0.010000 0.250000
vt 0.028269 0.158156
vt 0.080294 0.080294
vt 0.158156 0.028269
vt 0.250000 0.010000
vt 0.341844 0.028269
vt 0.419706 0.080294
vt 0.471731 0.158156
vt 0.490000 0.250000
vt 0.471731 0.341844
vt 0.419706 0.419706
vt 0.062500 1.000000
vt 0.062500 0.500000
vt 0.000000 1.000000
vt 0.000000 0.500000
vt 0.750000 0.490000
vt 0.841844 0.471731
vt 0.919706 0.419706
vt 0.971731 0.341844
vt 0.990000 0.250000
vt 0.971731 0.158156
vt 0.919706 0.080294
vt 0.841844 0.028269
vt 0.750000 0.010000
vt 0.658156 0.028269
vt 0.580294 0.080294
vt 0.528269 0.158156
vt 0.510000 0.250000
vt 0.528269 0.341844
vt 0.580294 0.419706
vt 0.658156 0.471731
s 0
usemtl Accent
f 773/1101/689 774/1102/689 776/1103/689 775/1104/689
f 775/1104/690 776/1103/690 778/1105/690 777/1106/690
f 777/1106/691 778/1105/691 780/1107/691 779/1108/691
f 779/1108/692 780/1107/692 782/1109/692 781/1110/692
f 781/1110/693 782/1109/693 784/1111/693 783/1112/693
f 783/1112/694 784/1111/694 786/1113/694 785/1114/694
f 785/1114/695 786/1113/695 788/1115/695 787/1116/695
f 787/1116/696 788/1115/696 790/1117/696 789/1118/696
f 789/1118/697 790/1117/697 792/1119/697 791/1120/697
f 791/1120/698 792/1119/698 794/1121/698 793/1122/698
f 793/1122/699 794/1121/699 796/1123/699 795/1124/699
f 795/1124/700 796/1123/700 798/1125/700 797/1126/700
f 797/1126/701 798/1125/701 800/1127/701 799/1128/701
f 799/1128/702 800/1127/702 802/1129/702 801/1130/702
f 776/1131/703 774/1132/703 804/1133/703 802/1134/703 800/1135/703 798/1136/703 796/1137/703 794/1138/703 792/1139/703 790/1140/703 788/1141/703 786/1142/703 784/1143/703 782/1144/703 780/1145/703 778/1146/703
f 801/1130/704 802/1129/704 804/1147/704 803/1148/704
f 803/1148/705 804/1147/705 774/1149/705 773/1150/705
f 773/1151/706 775/1152/706 777/1153/706 779/1154/706 781/1155/706 783/1156/706 785/1157/706 787/1158/706 789/1159/706 791/1160/706 793/1161/706 795/1162/706 797/1163/706 799/1164/706 801/1165/706 803/1166/706
o Barrel
v 0.000000 1.930000 -3.350000
v 0.000000 1.930000 -0.550000
v 0.051303 1.920954 -3.350000
v 0.051303 1.920954 -0.550000
v 0.096418 1.894907 -3.350000
v 0.096418 1.894907 -0.550000
v 0.129904 1.855000 -3.350000
v 0.129904 1.855000 -0.550000
v 0.147721 1.806047 -3.350000
v 0.147721 1.806047 -0.550000
v 0.147721 1.753953 -3.350000
v 0.147721 1.753953 -0.550000
v 0.129904 1.705000 -3.350000
v 0.129904 1.705000 -0.550000
v 0.096418 1.665093 -3.350000
v 0.096418 1.665093 -0.550000
v 0.051303 1.639046 -3.350000
v 0.051303 1.639046 -0.550000
v 0.000000 1.630000 -3.350000
v 0.000000 1.630000 -0.550000
v -0.051303 1.639046 -3.350000
v -0.051303 1.639046 -0.550000
v -0.096418 1.665093 -3.350000
v -0.096418 1.665093 -0.550000
v -0.129904 1.705000 -3.350000
v -0.129904 1.705000 -0.550000
v -0.147721 1.753953 -3.350000
v -0.147721 1.753953 -0.550000
v -0.147721 1.806047 -3.350000
v -0.147721 1.806047 -0.550000
v -0.129904 1.855000 -3.350000
v -0.129904 1.855000 -0.550000
v -0.096418 1.894907 -3.350000
v -0.096418 1.894907 -0.550000
v -0.051303 1.920954 -3.350000
v -0.051303 1.920954 -0.550000
vn 0.1736 0.9848 -0.0000
vn 0.5000 0.8660 -0.0000
vn 0.7660 0.6428 -0.0000
vn 0.9397 0.3420 -0.0000
vn 1.0000 -0.0000 -0.0000
vn 0.9397 -0.3420 -0.0000
vn 0.7660 -0.6428 -0.0000
vn 0.5000 -0.8660 -0.0000
vn 0.1736 -0.9848 -0.0000
vn -0.1736 -0.9848 -0.0000
vn -0.5000 -0.8660 -0.0000
vn -0.7660 -0.6428 -0.0000
vn -0.9397 -0.3420 -0.0000
vn -1.0000 -0.0000 -0.0000
vn -0.9397 0.3420 -0.0000
vn -0.7660 0.6428 -0.0000
vn -0.0000 -0.0000 1.0000
vn -0.5000 0.8660 -0.0000
vn -0.1736 0.9848 -0.0000
vn -0.0000 -0.0000 -1.0000
vt 1.000000 0.500000
vt 1.000000 1.000000
vt 0.944444 1.000000
vt 0.944444 0.500000
vt 0.888889 1.000000
vt 0.888889 0.500000
vt 0.833333 1.000000
vt 0.833333 0.500000
vt 0.777778 1.000000
vt 0.777778 0.500000
vt 0.722222 1.000000
vt 0.722222 0.500000
vt 0.666667 1.000000
vt 0.666667 0.500000
vt 0.611111 1.000000
vt 0.611111 0.500000
vt 0.555555 1.000000
vt 0.555555 0.500000
vt 0.500000 1.000000
vt 0.500000 0.500000
vt 0.444444 1.000000
vt 0.444444 0.500000
vt 0.388889 1.000000
vt 0.388889 0.500000
vt 0.333333 1.000000
vt 0.333333 0.500000
vt 0.277778 1.000000
vt 0.277778 0.500000
vt 0.222222 1.000000
vt 0.222222 0.500000
vt 0.166666 1.000000
vt 0.166666 0.500000
vt 0.111111 1.000000
vt 0.111111 0.500000
vt 0.332085 0.475526
vt 0.250000 0.490000
vt 0.167915 0.475526
vt 0.095731 0.433851
vt 0.042154 0.370000
vt 0.013646 0.291676
vt 0.013646 0.208324
vt 0.042154 0.130000
vt 0.095731 0.066149
vt 0.167915 0.024474
vt 0.250000 0.010000
vt 0.332085 0.024474
vt 0.404269 0.066149
vt 0.457846 0.130000
vt 0.486354 0.208324
vt 0.486354 0.291676
vt 0.457846 0.370000
vt 0.404269 0.433851
vt 0.055555 1.000000
vt 0.055555 0.500000
vt -0.000000 1.000000
vt -0.000000 0.500000
vt 0.750000 0.490000
vt 0.832085 0.475526
vt 0.904269 0.433851
vt 0.957846 0.370000
vt 0.986354 0.291676
vt 0.986354 0.208324
vt 0.957846 0.130000
vt 0.904269 0.066149
vt 0.832085 0.024474
vt 0.750000 0.010000
vt 0.667915 0.024474
vt 0.595731 0.066149
vt 0.542154 0.130000
vt 0.513646 0.208324
vt 0.513646 0.291676
vt 0.542154 0.370000
vt 0.595731 0.433851
vt 0.667915 0.475526
s 0
usemtl Barrel
f 805/1167/707 806/1168/707 808/1169/707 807/1170/707
f 807/1170/708 808/1169/708 810/1171/708 809/1172/708
f 809/1172/709 810/1171/709 812/1173/709 811/1174/709
f 811/1174/710 812/1173/710 814/1175/710 813/1176/710
f 813/1176/711 814/1175/711 816/1177/711 815/1178/711
f 815/1178/712 816/1177/712 818/1179/712 817/1180/712
f 817/1180/713 818/1179/713 820/1181/713 819/1182/713
f 819/1182/714 820/1181/714 822/1183/714 821/1184/714
f 821/1184/715 822/1183/715 824/1185/715 823/1186/715
f 823/1186/716 824/1185/716 826/1187/716 825/1188/716
f 825/1188/717 826/1187/717 828/1189/717 827/1190/717
f 827/1190/718 828/1189/718 830/1191/718 829/1192/718
f 829/1192/719 830/1191/719 832/1193/719 831/1194/719
f 831/1194/720 832/1193/720 834/1195/720 833/1196/720
f 833/1196/721 834/1195/721 836/1197/721 835/1198/721
f 835/1198/722 836/1197/722 838/1199/722 837/1200/722
f 808/1201/723 806/1202/723 840/1203/723 838/1204/723 836/1205/723 834/1206/723 832/1207/723 830/1208/723 828/1209/723 826/1210/723 824/1211/723 822/1212/723 820/1213/723 818/1214/723 816/1215/723 814/1216/723 812/1217/723 810/1218/723
f 837/1200/724 838/1199/724 840/1219/724 839/1220/724
f 839/1220/725 840/1219/725 806/1221/725 805/1222/725
f 805/1223/726 807/1224/726 809/1225/726 811/1226/726 813/1227/726 815/1228/726 817/1229/726 819/1230/726 821/1231/726 823/1232/726 825/1233/726 827/1234/726 829/1235/726 831/1236/726 833/1237/726 835/1238/726 837/1239/726 839/1240/726
o Flute_0
v 0.142500 1.757500 -0.675000
v 0.142500 1.802500 -0.675000
v 0.142500 1.757500 -3.225000
v 0.142500 1.802500 -3.225000
v 0.187500 1.757500 -0.675000
v 0.187500 1.802500 -0.675000
v 0.187500 1.757500 -3.225000
v 0.187500 1.802500 -3.225000
vn -1.0000 -0.0000 -0.0000
vn -0.0000 -0.0000 -1.0000
vn 1.0000 -0.0000 -0.0000
vn -0.0000 -0.0000 1.0000
vn -0.0000 -1.0000 -0.0000
vn -0.0000 1.0000 -0.0000
vt 0.375000 0.000000
vt 0.625000 0.000000
vt 0.625000 0.250000
vt 0.375000 0.250000
vt 0.625000 0.500000
vt 0.375000 0.500000
vt 0.625000 0.750000
vt 0.375000 0.750000
vt 0.625000 1.000000
vt 0.375000 1.000000
vt 0.125000 0.500000
vt 0.125000 0.750000
vt 0.875000 0.500000
vt 0.875000 0.750000
s 0
usemtl Body
f 841/1241/727 842/1242/727 844/1243/727 843/1244/727
f 843/1244/728 844/1243/728 848/1245/728 847/1246/728
f 847/1246/729 848/1245/729 846/1247/729 845/1248/729
f 845/1248/730 846/1247/730 842/1249/730 841/1250/730
f 843/1251/731 847/1246/731 845/1248/731 841/1252/731
f 848/1245/732 844/1253/732 842/1254/732 846/1247/732
o Flute_1
v 0.094173 1.874173 -0.675000
v 0.094173 1.919173 -0.675000
v 0.094173 1.874173 -3.225000
v 0.094173 1.919173 -3.225000
v 0.139173 1.874173 -0.675000
v 0.139173 1.919173 -0.675000
v 0.139173 1.874173 -3.225000
v 0.139173 1.919173 -3.225000
vn -1.0000 -0.0000 -0.0000
vn -0.0000 -0.0000 -1.0000
vn 1.0000 -0.0000 -0.0000
vn -0.0000 -0.0000 1.0000
vn -0.0000 -1.0000 -0.0000
vn -0.0000 1.0000 -0.0000
vt 0.375000 0.000000
vt 0.625000 0.000000
vt 0.625000 0.250000
vt 0.375000 0.250000
vt 0.625000 0.500000
vt 0.375000 0.500000
vt 0.625000 0.750000
vt 0.375000 0.750000
vt 0.625000 1.000000
vt 0.375000 1.000000
vt 0.125000 0.500000
vt 0.125000 0.750000
vt 0.875000 0.500000
vt 0.875000 0.750000
s 0
usemtl Body
f 849/1255/733 850/1256/733 852/1257/733 851/1258/733
f 851/1258/734 852/1257/734 856/1259/734 855/1260/734
f 855/1260/735 856/1259/735 854/1261/735 853/1262/735
f 853/1262/736 854/1261/736 850/1263/736 849/1264/736
f 851/1265/737 855/1260/737 853/1262/737 849/1266/737
f 856/1259/738 852/1267/738 850/1268/738 854/1261/738
o Flute_2
v -0.022500 1.922500 -0.675000
v -0.022500 1.967500 -0.675000
v -0.022500 1.922500 -3.225000
v -0.022500 1.967500 -3.225000
v 0.022500 1.922500 -0.675000
v 0.022500 1.967500 -0.675000
v 0.022500 1.922500 -3.225000
v 0.022500 1.967500 -3.225000
vn -1.0000 -0.0000 -0.0000
vn -0.0000 -0.0000 -1.0000
vn 1.0000 -0.0000 -0.0000
vn -0.0000 -0.0000 1.0000
vn -0.0000 -1.0000 -0.0000
vn -0.0000 1.0000 -0.0000
vt 0.375000 0.000000
vt 0.625000 0.000000
vt 0.625000 0.250000
vt 0.375000 0.250000
vt 0.625000 0.500000
vt 0.375000 0.500000
vt 0.625000 0.750000
vt 0.375000 0.750000
vt 0.625000 1.000000
vt 0.375000 1.000000
vt 0.125000 0.500000
vt 0.125000 0.750000
vt 0.875000 0.500000
vt 0.875000 0.750000
s 0
usemtl Body
f 857/1269/739 858/1270/739 860/1271/739 859/1272/739
f 859/1272/740 860/1271/740 864/1273/740 863/1274/740
f 863/1274/741 864/1273/741 862/1275/741 861/1276/741
f 861/1276/742 862/1275/742 858/1277/742 857/1278/742
f 859/1279/743 863/1274/743 861/1276/743 857/1280/743
f 864/1273/744 860/1281/744 858/1282/744 862/1275/744
o Flute_3
v -0.139173 1.874173 -0.675000
v -0.139173 1.919173 -0.675000
v -0.139173 1.874173 -3.225000
v -0.139173 1.919173 -3.225000
v -0.094173 1.874173 -0.675000
v -0.094173 1.919173 -0.675000
v -0.094173 1.874173 -3.225000
v -0.094173 1.919173 -3.225000
vn -1.0000 -0.0000 -0.0000
vn -0.0000 -0.0000 -1.0000
vn 1.0000 -0.0000 -0.0000
vn -0.0000 -0.0000 1.0000
vn -0.0000 -1.0000 -0.0000
vn -0.0000 1.0000 -0.0000
vt 0.375000 0.000000
vt 0.625000 0.000000
vt 0.625000 0.250000
vt 0.375000 0.250000
vt 0.625000 0.500000
vt 0.375000 0.500000
vt 0.625000 0.750000
vt 0.375000 0.750000
vt 0.625000 1.000000
vt 0.375000 1.000000
vt 0.125000 0.500000
vt 0.125000 0.750000
vt 0.875000 0.500000
vt 0.875000 0.750000
s 0
usemtl Body
f 865/1283/745 866/1284/745 868/1285/745 867/1286/745
f 867/1286/746 868/1285/746 872/1287/746 871/1288/746
f 871/1288/747 872/1287/747 870/1289/747 869/1290/747
f 869/1290/748 870/1289/748 866/1291/748 865/1292/748
f 867/1293/749 871/1288/749 869/1290/749 865/1294/749
f 872/1287/750 868/1295/750 866/1296/750 870/1289/750
o Flute_4
v -0.187500 1.757500 -0.675000
v -0.187500 1.802500 -0.675000
v -0.187500 1.757500 -3.225000
v -0.187500 1.802500 -3.225000
v -0.142500 1.757500 -0.675000
v -0.142500 1.802500 -0.675000
v -0.142500 1.757500 -3.225000
v -0.142500 1.802500 -3.225000
vn -1.0000 -0.0000 -0.0000
vn -0.0000 -0.0000 -1.0000
vn 1.0000 -0.0000 -0.0000
vn -0.0000 -0.0000 1.0000
vn -0.0000 -1.0000 -0.0000
vn -0.0000 1.0000 -0.0000
vt 0.375000 0.000000
vt 0.625000 0.000000
vt 0.625000 0.250000
vt 0.375000 0.250000
vt 0.625000 0.500000
vt 0.375000 0.500000
vt 0.625000 0.750000
vt 0.375000 0.750000
vt 0.625000 1.000000
vt 0.375000 1.000000
vt 0.125000 0.500000
vt 0.125000 0.750000
vt 0.875000 0.500000
vt 0.875000 0.750000
s 0
usemtl Body
f 873/1297/751 874/1298/751 876/1299/751 875/1300/751
f 875/1300/752 876/1299/752 880/1301/752 879/1302/752
f 879/1302/753 880/1301/753 878/1303/753 877/1304/753
f 877/1304/754 878/1303/754 874/1305/754 873/1306/754
f 875/1307/755 879/1302/755 877/1304/755 873/1308/755
f 880/1301/756 876/1309/756 874/1310/756 878/1303/756
o Flute_5
v -0.139173 1.640827 -0.675000
v -0.139173 1.685827 -0.675000
v -0.139173 1.640827 -3.225000
v -0.139173 1.685827 -3.225000
v -0.094173 1.640827 -0.675000
v -0.094173 1.685827 -0.675000
v -0.094173 1.640827 -3.225000
v -0.094173 1.685827 -3.225000
vn -1.0000 -0.0000 -0.0000
vn -0.0000 -0.0000 -1.0000
vn 1.0000 -0.0000 -0.0000
vn -0.0000 -0.0000 1.0000
vn -0.0000 -1.0000 -0.0000
vn -0.0000 1.0000 -0.0000
vt 0.375000 0.000000
vt 0.625000 0.000000
vt 0.625000 0.250000
vt 0.375000 0.250000
vt 0.625000 0.500000
vt 0.375000 0.500000
vt 0.625000 0.750000
vt 0.375000 0.750000
vt 0.625000 1.000000
vt 0.375000 1.000000
vt 0.125000 0.500000
vt 0.125000 0.750000
vt 0.875000 0.500000
vt 0.875000 0.750000
s 0
usemtl Body
f 881/1311/757 882/1312/757 884/1313/757 883/1314/757
f 883/1314/758 884/1313/758 888/1315/758 887/1316/758
f 887/1316/759 888/1315/759 886/1317/759 885/1318/759
f 885/1318/760 886/1317/760 882/1319/760 881/1320/760
f 883/1321/761 887/1316/761 885/1318/761 881/1322/761
f 888/1315/762 884/1323/762 882/1324/762 886/1317/762
o Flute_6
v -0.022500 1.592500 -0.675000
v -0.022500 1.637500 -0.675000
v -0.022500 1.592500 -3.225000
v -0.022500 1.637500 -3.225000
v 0.022500 1.592500 -0.675000
v 0.022500 1.637500 -0.675000
v 0.022500 1.592500 -3.225000
v 0.022500 1.637500 -3.225000
vn -1.0000 -0.0000 -0.0000
vn -0.0000 -0.0000 -1.0000
vn 1.0000 -0.0000 -0.0000
vn -0.0000 -0.0000 1.0000
vn -0.0000 -1.0000 -0.0000
vn -0.0000 1.0000 -0.0000
vt 0.375000 0.000000
vt 0.625000 0.000000
vt 0.625000 0.250000
vt 0.375000 0.250000
vt 0.625000 0.500000
vt 0.375000 0.500000
vt 0.625000 0.750000
vt 0.375000 0.750000
vt 0.625000 1.000000
vt 0.375000 1.000000
vt 0.125000 0.500000
vt 0.125000 0.750000
vt 0.875000 0.500000
vt 0.875000 0.750000
s 0
usemtl Body
f 889/1325/763 890/1326/763 892/1327/763 891/1328/763
f 891/1328/764 892/1327/764 896/1329/764 895/1330/764
f 895/1330/765 896/1329/765 894/1331/765 893/1332/765
f 893/1332/766 894/1331/766 890/1333/766 889/1334/766
f 891/1335/767 895/1330/767 893/1332/767 889/1336/767
f 896/1329/768 892/1337/768 890/1338/768 894/1331/768
o Flute_7
v 0.094173 1.640827 -0.675000
v 0.094173 1.685827 -0.675000
v 0.094173 1.640827 -3.225000
v 0.094173 1.685827 -3.225000
v 0.139173 1.640827 -0.675000
v 0.139173 1.685827 -0.675000
v 0.139173 1.640827 -3.225000
v 0.139173 1.685827 -3.225000
vn -1.0000 -0.0000 -0.0000
vn -0.0000 -0.0000 -1.0000
vn 1.0000 -0.0000 -0.0000
vn -0.0000 -0.0000 1.0000
vn -0.0000 -1.0000 -0.0000
vn -0.0000 1.0000 -0.0000
vt 0.375000 0.000000
vt 0.625000 0.000000
vt 0.625000 0.250000
vt 0.375000 0.250000
vt 0.625000 0.500000
vt 0.375000 0.500000
vt 0.625000 0.750000
vt 0.375000 0.750000
vt 0.625000 1.000000
vt 0.375000 1.000000
vt 0.125000 0.500000
vt 0.125000 0.750000
vt 0.875000 0.500000
vt 0.875000 0.750000
s 0
usemtl Body
f 897/1339/769 898/1340/769 900/1341/769 899/1342/769
f 899/1342/770 900/1341/770 904/1343/770 903/1344/770
f 903/1344/771 904/1343/771 902/1345/771 901/1346/771
f 901/1346/772 902/1345/772 898/1347/772 897/1348/772
f 899/1349/773 903/1344/773 901/1346/773 897/1350/773
f 904/1343/774 900/1351/774 898/1352/774 902/1345/774
o Muzzle
v 0.000000 2.049412 -3.575000
v 0.000000 2.080000 -3.545000
v 0.000000 2.049412 -3.025000
v 0.000000 2.080000 -3.055000
v 0.103100 2.028904 -3.575000
v 0.114805 2.057164 -3.545000
v 0.103100 2.028904 -3.025000
v 0.114805 2.057164 -3.055000
v 0.190503 1.970503 -3.575000
v 0.212132 1.992132 -3.545000
v 0.190503 1.970503 -3.025000
v 0.212132 1.992132 -3.055000
v 0.248904 1.883100 -3.575000
v 0.277164 1.894805 -3.545000
v 0.248904 1.883100 -3.025000
v 0.277164 1.894805 -3.055000
v 0.269412 1.780000 -3.575000
v 0.300000 1.780000 -3.545000
v 0.269412 1.780000 -3.025000
v 0.300000 1.780000 -3.055000
v 0.248904 1.676900 -3.575000
v 0.277164 1.665195 -3.545000
v 0.248904 1.676900 -3.025000
v 0.277164 1.665195 -3.055000
v 0.190503 1.589497 -3.575000
v 0.212132 1.567868 -3.545000
v 0.190503 1.589497 -3.025000
v 0.212132 1.567868 -3.055000
v 0.103100 1.531096 -3.575000
v 0.114805 1.502836 -3.545000
v 0.103100 1.531096 -3.025000
v 0.114805 1.502836 -3.055000
v 0.000000 1.510588 -3.575000
v 0.000000 1.480000 -3.545000
v 0.000000 1.510588 -3.025000
v 0.000000 1.480000 -3.055000
v -0.103100 1.531096 -3.575000
v -0.114805 1.502836 -3.545000
v -0.103100 1.531096 -3.025000
v -0.114805 1.502836 -3.055000
v -0.190503 1.589497 -3.575000
v -0.212132 1.567868 -3.545000
v -0.190503 1.589497 -3.025000
v -0.212132 1.567868 -3.055000
v -0.248904 1.676900 -3.575000
v -0.277164 1.665195 -3.545000
v -0.248904 1.676900 -3.025000
v -0.277164 1.665195 -3.055000
v -0.269412 1.780000 -3.575000
v -0.300000 1.780000 -3.545000
v -0.269412 1.780000 -3.025000
v -0.300000 1.780000 -3.055000
v -0.248904 1.883100 -3.575000
v -0.277164 1.894805 -3.545000
v -0.248904 1.883100 -3.025000
v -0.277164 1.894805 -3.055000
v -0.190503 1.970503 -3.575000
v -0.212132 1.992132 -3.545000
v -0.190503 1.970503 -3.025000
v -0.212132 1.992132 -3.055000
v -0.103100 2.028904 -3.575000
v -0.114805 2.057164 -3.545000
v -0.103100 2.028904 -3.025000
v -0.114805 2.057164 -3.055000
vn 0.1379 0.6935 -0.7071
vn 0.1379 0.6935 0.7071
vn 0.3928 0.5879 -0.7071
vn 0.3928 0.5879 0.7071
vn 0.5879 0.3928 -0.7071
vn 0.5879 0.3928 0.7071
vn 0.6935 0.1379 -0.7071
vn 0.6935 0.1379 0.7071
vn 0.6935 -0.1379 -0.7071
vn 0.6935 -0.1379 0.7071
vn 0.5879 -0.3928 -0.7071
vn 0.5879 -0.3928 0.7071
vn 0.3928 -0.5879 -0.7071
vn 0.3928 -0.5879 0.7071
vn 0.1379 -0.6935 -0.7071
vn 0.1379 -0.6935 0.7071
vn -0.1379 -0.6935 -0.7071
vn -0.1379 -0.6935 0.7071
vn -0.3928 -0.5879 -0.7071
vn -0.3928 -0.5879 0.7071
vn -0.5879 -0.3928 -0.7071
vn -0.5879 -0.3928 0.7071
vn -0.6935 -0.1379 -0.7071
vn -0.6935 -0.1379 0.7071
vn -0.6935 0.1379 -0.7071
vn -0.6935 0.1379 0.7071
vn -0.5879 0.3928 -0.7071
vn -0.5879 0.3928 0.7071
vn -0.3928 0.5879 -0.7071
vn -0.3928 0.5879 0.7071
vn -0.1379 0.6935 -0.7071
vn -0.1379 0.6935 0.7071
vn -0.0000 -0.0000 -1.0000
vn 0.1951 0.9808 -0.0000
vn -0.1951 0.9808 -0.0000
vn -0.0000 -0.0000 1.0000
vn 0.5556 0.8315 -0.0000
vn 0.8315 0.5556 -0.0000
vn 0.9808 0.1951 -0.0000
vn 0.9808 -0.1951 -0.0000
vn 0.8315 -0.5556 -0.0000
vn 0.5556 -0.8315 -0.0000
vn 0.1951 -0.9808 -0.0000
vn -0.1951 -0.9808 -0.0000
vn -0.5556 -0.8315 -0.0000
vn -0.8315 -0.5556 -0.0000
vn -0.9808 -0.1951 -0.0000
vn -0.9808 0.1951 -0.0000
vn -0.8315 0.5556 -0.0000
vn -0.5556 0.8315 -0.0000
vt 0.750000 0.490000
vt 0.841844 0.471731
vt 0.832480 0.449124
vt 0.750000 0.465530
vt 0.341844 0.471731
vt 0.250000 0.490000
vt 0.250000 0.465530
vt 0.332480 0.449124
vt 0.919706 0.419706
vt 0.902403 0.402403
vt 0.419706 0.419706
vt 0.402403 0.402403
vt 0.971731 0.341844
vt 0.949124 0.332480
vt 0.471731 0.341844
vt 0.449124 0.332480
vt 0.990000 0.250000
vt 0.965530 0.250000
vt 0.490000 0.250000
vt 0.465530 0.250000
vt 0.971731 0.158156
vt 0.949124 0.167520
vt 0.471731 0.158156
vt 0.449124 0.167520
vt 0.919706 0.080294
vt 0.902403 0.097597
vt 0.419706 0.080294
vt 0.402403 0.097597
vt 0.841844 0.028269
vt 0.832480 0.050876
vt 0.341844 0.028269
vt 0.332480 0.050876
vt 0.750000 0.010000
vt 0.750000 0.034470
vt 0.250000 0.010000
vt 0.250000 0.034470
vt 0.658156 0.028269
vt 0.667520 0.050876
vt 0.158156 0.028269
vt 0.167520 0.050876
vt 0.580294 0.080294
vt 0.597597 0.097597
vt 0.080294 0.080294
vt 0.097597 0.097597
vt 0.528269 0.158156
vt 0.550876 0.167520
vt 0.028269 0.158156
vt 0.050876 0.167520
vt 0.510000 0.250000
vt 0.534470 0.250000
vt 0.010000 0.250000
vt 0.034470 0.250000
vt 0.528269 0.341844
vt 0.550876 0.332480
vt 0.028269 0.341844
vt 0.050876 0.332480
vt 0.580294 0.419706
vt 0.597597 0.402403
vt 0.080294 0.419706
vt 0.097597 0.402403
vt 0.658156 0.471731
vt 0.667520 0.449124
vt 0.158156 0.471731
vt 0.167520 0.449124
vt 1.000000 0.527273
vt 1.000000 0.972727
vt 0.937500 0.972727
vt 0.937500 0.527273
vt 0.062500 0.527273
vt 0.062500 0.972727
vt 0.000000 0.972727
vt 0.000000 0.527273
vt 0.875000 0.972727
vt 0.875000 0.527273
vt 0.812500 0.972727
vt 0.812500 0.527273
vt 0.750000 0.972727
vt 0.750000 0.527273
vt 0.687500 0.972727
vt 0.687500 0.527273
vt 0.625000 0.972727
vt 0.625000 0.527273
vt 0.562500 0.972727
vt 0.562500 0.527273
vt 0.500000 0.972727
vt 0.500000 0.527273
vt 0.437500 0.972727
vt 0.437500 0.527273
vt 0.375000 0.972727
vt 0.375000 0.527273
vt 0.312500 0.972727
vt 0.312500 0.527273
vt 0.250000 0.972727
vt 0.250000 0.527273
vt 0.187500 0.972727
vt 0.187500 0.527273
vt 0.125000 0.972727
vt 0.125000 0.527273
s 0
usemtl Body
f 906/1353/775 910/1354/775 909/1355/775 905/1356/775
f 912/1357/776 908/1358/776 907/1359/776 911/1360/776
f 910/1354/777 914/1361/777 913/1362/777 909/1355/777
f 916/1363/778 912/1357/778 911/1360/778 915/1364/778
f 914/1361/779 918/1365/779 917/1366/779 913/1362/779
f 920/1367/780 916/1363/780 915/1364/780 919/1368/780
f 918/1365/781 922/1369/781 921/1370/781 917/1366/781
f 924/1371/782 920/1367/782 919/1368/782 923/1372/782
f 922/1369/783 926/1373/783 925/1374/783 921/1370/783
f 928/1375/784 924/1371/784 923/1372/784 927/1376/784
f 926/1373/785 930/1377/785 929/1378/785 925/1374/785
f 932/1379/786 928/1375/786 927/1376/786 931/1380/786
f 930/1377/787 934/1381/787 933/1382/787 929/1378/787
f 936/1383/788 932/1379/788 931/1380/788 935/1384/788
f 934/1381/789 938/1385/789 937/1386/789 933/1382/789
f 940/1387/790 936/1383/790 935/1384/790 939/1388/790
f 938/1385/791 942/1389/791 941/1390/791 937/1386/791
f 944/1391/792 940/1387/792 939/1388/792 943/1392/792
f 942/1389/793 946/1393/793 945/1394/793 941/1390/793
f 948/1395/794 944/1391/794 943/1392/794 947/1396/794
f 946/1393/795 950/1397/795 949/1398/795 945/1394/795
f 952/1399/796 948/1395/796 947/1396/796 951/1400/796
f 950/1397/797 954/1401/797 953/1402/797 949/1398/797
f 956/1403/798 952/1399/798 951/1400/798 955/1404/798
f 954/1401/799 958/1405/799 957/1406/799 953/1402/799
f 960/1407/800 956/1403/800 955/1404/800 959/1408/800
f 958/1405/801 962/1409/801 961/1410/801 957/1406/801
f 964/1411/802 960/1407/802 959/1408/802 963/1412/802
f 962/1409/803 966/1413/803 965/1414/803 961/1410/803
f 968/1415/804 964/1411/804 963/1412/804 967/1416/804
f 966/1413/805 906/1353/805 905/1356/805 965/1414/805
f 908/1358/806 968/1415/806 967/1416/806 907/1359/806
f 905/1356/807 909/1355/807 913/1362/807 917/1366/807 921/1370/807 925/1374/807 929/1378/807 933/1382/807 937/1386/807 941/1390/807 945/1394/807 949/1398/807 953/1402/807 957/1406/807 961/1410/807 965/1414/807
f 906/1417/808 908/1418/808 912/1419/808 910/1420/808
f 966/1421/809 968/1422/809 908/1423/809 906/1424/809
f 911/1360/810 907/1359/810 967/1416/810 963/1412/810 959/1408/810 955/1404/810 951/1400/810 947/1396/810 943/1392/810 939/1388/810 935/1384/810 931/1380/810 927/1376/810 923/1372/810 919/1368/810 915/1364/810
f 910/1420/811 912/1419/811 916/1425/811 914/1426/811
f 914/1426/812 916/1425/812 920/1427/812 918/1428/812
f 918/1428/813 920/1427/813 924/1429/813 922/1430/813
f 922/1430/814 924/1429/814 928/1431/814 926/1432/814
f 926/1432/815 928/1431/815 932/1433/815 930/1434/815
f 930/1434/816 932/1433/816 936/1435/816 934/1436/816
f 934/1436/817 936/1435/817 940/1437/817 938/1438/817
f 938/1438/818 940/1437/818 944/1439/818 942/1440/818
f 942/1440/819 944/1439/819 948/1441/819 946/1442/819
f 946/1442/820 948/1441/820 952/1443/820 950/1444/820
f 950/1444/821 952/1443/821 956/1445/821 954/1446/821
f 954/1446/822 956/1445/822 960/1447/822 958/1448/822
f 958/1448/823 960/1447/823 964/1449/823 962/1450/823
f 962/1450/824 964/1449/824 968/1422/824 966/1421/824
o Bore
v 0.000000 1.980000 -3.650000
v 0.000000 1.980000 -3.150000
v 0.076537 1.964776 -3.650000
v 0.076537 1.964776 -3.150000
v 0.141421 1.921421 -3.650000
v 0.141421 1.921421 -3.150000
v 0.184776 1.856537 -3.650000
v 0.184776 1.856537 -3.150000
v 0.200000 1.780000 -3.650000
v 0.200000 1.780000 -3.150000
v 0.184776 1.703463 -3.650000
v 0.184776 1.703463 -3.150000
v 0.141421 1.638579 -3.650000
v 0.141421 1.638579 -3.150000
v 0.076537 1.595224 -3.650000
v 0.076537 1.595224 -3.150000
v 0.000000 1.580000 -3.650000
v 0.000000 1.580000 -3.150000
v -0.076537 1.595224 -3.650000
v -0.076537 1.595224 -3.150000
v -0.141421 1.638579 -3.650000
v -0.141421 1.638579 -3.150000
v -0.184776 1.703463 -3.650000
v -0.184776 1.703463 -3.150000
v -0.200000 1.780000 -3.650000
v -0.200000 1.780000 -3.150000
v -0.184776 1.856537 -3.650000
v -0.184776 1.856537 -3.150000
v -0.141421 1.921421 -3.650000
v -0.141421 1.921421 -3.150000
v -0.076537 1.964776 -3.650000
v -0.076537 1.964776 -3.150000
vn 0.1951 0.9808 -0.0000
vn 0.5556 0.8315 -0.0000
vn 0.8315 0.5556 -0.0000
vn 0.9808 0.1951 -0.0000
vn 0.9808 -0.1951 -0.0000
vn 0.8315 -0.5556 -0.0000
vn 0.5556 -0.8315 -0.0000
vn 0.1951 -0.9808 -0.0000
vn -0.1951 -0.9808 -0.0000
vn -0.5556 -0.8315 -0.0000
vn -0.8315 -0.5556 -0.0000
vn -0.9808 -0.1951 -0.0000
vn -0.9808 0.1951 -0.0000
vn -0.8315 0.5556 -0.0000
vn -0.0000 -0.0000 1.0000
vn -0.5556 0.8315 -0.0000
vn -0.1951 0.9808 -0.0000
vn -0.0000 -0.0000 -1.0000
vt 1.000000 0.500000
vt 1.000000 1.000000
vt 0.937500 1.000000
vt 0.937500 0.500000
vt 0.875000 1.000000
vt 0.875000 0.500000
vt 0.812500 1.000000
vt 0.812500 0.500000
vt 0.750000 1.000000
vt 0.750000 0.500000
vt 0.687500 1.000000
vt 0.687500 0.500000
vt 0.625000 1.000000
vt 0.625000 0.500000
vt 0.562500 1.000000
vt 0.562500 0.500000
vt 0.500000 1.000000
vt 0.500000 0.500000
vt 0.437500 1.000000
vt 0.437500 0.500000
vt 0.375000 1.000000
vt 0.375000 0.500000
vt 0.312500 1.000000
vt 0.312500 0.500000
vt 0.250000 1.000000
vt 0.250000 0.500000
vt 0.187500 1.000000
vt 0.187500 0.500000
vt 0.125000 1.000000
vt 0.125000 0.500000
vt 0.341844 0.471731
vt 0.250000 0.490000
vt 0.158156 0.471731
vt 0.080294 0.419706
vt 0.028269 0.341844
vt 0.010000 0.250000
vt 0.028269 0.158156
vt 0.080294 0.080294
vt 0.158156 0.028269
vt 0.250000 0.010000
vt 0.341844 0.028269
vt 0.419706 0.080294
vt 0.471731 0.158156
vt 0.490000 0.250000
vt 0.471731 0.341844
vt 0.419706 0.419706
vt 0.062500 1.000000
vt 0.062500 0.500000
vt 0.000000 1.000000
vt 0.000000 0.500000
vt 0.750000 0.490000
vt 0.841844 0.471731
vt 0.919706 0.419706
vt 0.971731 0.341844
vt 0.990000 0.250000
vt 0.971731 0.158156
vt 0.919706 0.080294
vt 0.841844 0.028269
vt 0.750000 0.010000
vt 0.658156 0.028269
vt 0.580294 0.080294
vt 0.528269 0.158156
vt 0.510000 0.250000
vt 0.528269 0.341844
vt 0.580294 0.419706
vt 0.658156 0.471731
s 0
usemtl Dark
f 969/1451/825 970/1452/825 972/1453/825 971/1454/825
f 971/1454/826 972/1453/826 974/1455/826 973/1456/826
f 973/1456/827 974/1455/827 976/1457/827 975/1458/827
f 975/1458/828 976/1457/828 978/1459/828 977/1460/828
f 977/1460/829 978/1459/829 980/1461/829 979/1462/829
f 979/1462/830 980/1461/830 982/1463/830 981/1464/830
f 981/1464/831 982/1463/831 984/1465/831 983/1466/831
f 983/1466/832 984/1465/832 986/1467/832 985/1468/832
f 985/1468/833 986/1467/833 988/1469/833 987/1470/833
f 987/1470/834 988/1469/834 990/1471/834 989/1472/834
f 989/1472/835 990/1471/835 992/1473/835 991/1474/835
f 991/1474/836 992/1473/836 994/1475/836 993/1476/836
f 993/1476/837 994/1475/837 996/1477/837 995/1478/837
f 995/1478/838 996/1477/838 998/1479/838 997/1480/838
f 972/1481/839 970/1482/839 1000/1483/839 998/1484/839 996/1485/839 994/1486/839 992/1487/839 990/1488/839 988/1489/839 986/1490/839 984/1491/839 982/1492/839 980/1493/839 978/1494/839 976/1495/839 974/1496/839
f 997/1480/840 998/1479/840 1000/1497/840 999/1498/840
f 999/1498/841 1000/1497/841 970/1499/841 969/1500/841
f 969/1501/842 971/1502/842 973/1503/842 975/1504/842 977/1505/842 979/1506/842 981/1507/842 983/1508/842 985/1509/842 987/1510/842 989/1511/842 991/1512/842 993/1513/842 995/1514/842 997/1515/842 999/1516/842
o Core
v 0.000000 1.870000 -3.575000
v 0.000000 1.870000 -3.025000
v 0.045000 1.857942 -3.575000
v 0.045000 1.857942 -3.025000
v 0.077942 1.825000 -3.575000
v 0.077942 1.825000 -3.025000
v 0.090000 1.780000 -3.575000
v 0.090000 1.780000 -3.025000
v 0.077942 1.735000 -3.575000
v 0.077942 1.735000 -3.025000
v 0.045000 1.702058 -3.575000
v 0.045000 1.702058 -3.025000
v 0.000000 1.690000 -3.575000
v 0.000000 1.690000 -3.025000
v -0.045000 1.702058 -3.575000
v -0.045000 1.702058 -3.025000
v -0.077942 1.735000 -3.575000
v -0.077942 1.735000 -3.025000
v -0.090000 1.780000 -3.575000
v -0.090000 1.780000 -3.025000
v -0.077942 1.825000 -3.575000
v -0.077942 1.825000 -3.025000
v -0.045000 1.857942 -3.575000
v -0.045000 1.857942 -3.025000
vn 0.2588 0.9659 -0.0000
vn 0.7071 0.7071 -0.0000
vn 0.9659 0.2588 -0.0000
vn 0.9659 -0.2588 -0.0000
vn 0.7071 -0.7071 -0.0000
vn 0.2588 -0.9659 -0.0000
vn -0.2588 -0.9659 -0.0000
vn -0.7071 -0.7071 -0.0000
vn -0.9659 -0.2588 -0.0000
vn -0.9659 0.2588 -0.0000
vn -0.0000 -0.0000 1.0000
vn -0.7071 0.7071 -0.0000
vn -0.2588 0.9659 -0.0000
vn -0.0000 -0.0000 -1.0000
vt 1.000000 0.500000
vt 1.000000 1.000000
vt 0.916667 1.000000
vt 0.916667 0.500000
vt 0.833333 1.000000
vt 0.833333 0.500000
vt 0.750000 1.000000
vt 0.750000 0.500000
vt 0.666667 1.000000
vt 0.666667 0.500000
vt 0.583333 1.000000
vt 0.583333 0.500000
vt 0.500000 1.000000
vt 0.500000 0.500000
vt 0.416667 1.000000
vt 0.416667 0.500000
vt 0.333333 1.000000
vt 0.333333 0.500000
vt 0.250000 1.000000
vt 0.250000 0.500000
vt 0.166667 1.000000
vt 0.166667 0.500000
vt 0.370000 0.457846
vt 0.250000 0.490000
vt 0.130000 0.457846
vt 0.042154 0.370000
vt 0.010000 0.250000
vt 0.042154 0.130000
vt 0.130000 0.042154
vt 0.250000 0.010000
vt 0.370000 0.042154
vt 0.457846 0.130000
vt 0.490000 0.250000
vt 0.457846 0.370000
vt 0.083333 1.000000
vt 0.083333 0.500000
vt 0.000000 1.000000
vt 0.000000 0.500000
vt 0.750000 0.490000
vt 0.870000 0.457846
vt 0.957846 0.370000
vt 0.990000 0.250000
vt 0.957846 0.130000
vt 0.870000 0.042154
vt 0.750000 0.010000
vt 0.630000 0.042154
vt 0.542154 0.130000
vt 0.510000 0.250000
vt 0.542154 0.370000
vt 0.630000 0.457846
s 0
usemtl Glow
f 1001/1517/843 1002/1518/843 1004/1519/843 1003/1520/843
f 1003/1520/844 1004/1519/844 1006/1521/844 1005/1522/844
f 1005/1522/845 1006/1521/845 1008/1523/845 1007/1524/845
f 1007/1524/846 1008/1523/846 1010/1525/846 1009/1526/846
f 1009/1526/847 1010/1525/847 1012/1527/847 1011/1528/847
f 1011/1528/848 1012/1527/848 1014/1529/848 1013/1530/848
f 1013/1530/849 1014/1529/849 1016/1531/849 1015/1532/849
f 1015/1532/850 1016/1531/850 1018/1533/850 1017/1534/850
f 1017/1534/851 1018/1533/851 1020/1535/851 1019/1536/851
f 1019/1536/852 1020/1535/852 1022/1537/852 1021/1538/852
f 1004/1539/853 1002/1540/853 1024/1541/853 1022/1542/853 1020/1543/853 1018/1544/853 1016/1545/853 1014/1546/853 1012/1547/853 1010/1548/853 1008/1549/853 1006/1550/853
f 1021/1538/854 1022/1537/854 1024/1551/854 1023/1552/854
f 1023/1552/855 1024/1551/855 1002/1553/855 1001/1554/855
f 1001/1555/856 1003/1556/856 1005/1557/856 1007/1558/856 1009/1559/856 1011/1560/856 1013/1561/856 1015/1562/856 1017/1563/856 1019/1564/856 1021/1565/856 1023/1566/856
o ScopeRiser
v -0.110000 2.080000 0.220000
v -0.110000 2.380000 0.220000
v -0.110000 2.080000 -0.120000
v -0.110000 2.380000 -0.120000
v 0.110000 2.080000 0.220000
v 0.110000 2.380000 0.220000
v 0.110000 2.080000 -0.120000
v 0.110000 2.380000 -0.120000
vn -1.0000 -0.0000 -0.0000
vn -0.0000 -0.0000 -1.0000
vn 1.0000 -0.0000 -0.0000
vn -0.0000 -0.0000 1.0000
vn -0.0000 -1.0000 -0.0000
vn -0.0000 1.0000 -0.0000
vt 0.375000 0.000000
vt 0.625000 0.000000
vt 0.625000 0.250000
vt 0.375000 0.250000
vt 0.625000 0.500000
vt 0.375000 0.500000
vt 0.625000 0.750000
vt 0.375000 0.750000
vt 0.625000 1.000000
vt 0.375000 1.000000
vt 0.125000 0.500000
vt 0.125000 0.750000
vt 0.875000 0.500000
vt 0.875000 0.750000
s 0
usemtl Dark
f 1025/1567/857 1026/1568/857 1028/1569/857 1027/1570/857
f 1027/1570/858 1028/1569/858 1032/1571/858 1031/1572/858
f 1031/1572/859 1032/1571/859 1030/1573/859 1029/1574/859
f 1029/1574/860 1030/1573/860 1026/1575/860 1025/1576/860
f 1027/1577/861 1031/1572/861 1029/1574/861 1025/1578/861
f 1032/1571/862 1028/1579/862 1026/1580/862 1030/1573/862
o Scope
v 0.000000 2.480000 -0.410000
v 0.000000 2.480000 0.170000
v 0.057403 2.468582 -0.410000
v 0.057403 2.468582 0.170000
v 0.106066 2.436066 -0.410000
v 0.106066 2.436066 0.170000
v 0.138582 2.387403 -0.410000
v 0.138582 2.387403 0.170000
v 0.150000 2.330000 -0.410000
v 0.150000 2.330000 0.170000
v 0.138582 2.272597 -0.410000
v 0.138582 2.272597 0.170000
v 0.106066 2.223934 -0.410000
v 0.106066 2.223934 0.170000
v 0.057403 2.191418 -0.410000
v 0.057403 2.191418 0.170000
v 0.000000 2.180000 -0.410000
v 0.000000 2.180000 0.170000
v -0.057403 2.191418 -0.410000
v -0.057403 2.191418 0.170000
v -0.106066 2.223934 -0.410000
v -0.106066 2.223934 0.170000
v -0.138582 2.272597 -0.410000
v -0.138582 2.272597 0.170000
v -0.150000 2.330000 -0.410000
v -0.150000 2.330000 0.170000
v -0.138582 2.387403 -0.410000
v -0.138582 2.387403 0.170000
v -0.106066 2.436066 -0.410000
v -0.106066 2.436066 0.170000
v -0.057403 2.468582 -0.410000
v -0.057403 2.468582 0.170000
vn 0.1951 0.9808 -0.0000
vn 0.5556 0.8315 -0.0000
vn 0.8315 0.5556 -0.0000
vn 0.9808 0.1951 -0.0000
vn 0.9808 -0.1951 -0.0000
vn 0.8315 -0.5556 -0.0000
vn 0.5556 -0.8315 -0.0000
vn 0.1951 -0.9808 -0.0000
vn -0.1951 -0.9808 -0.0000
vn -0.5556 -0.8315 -0.0000
vn -0.8315 -0.5556 -0.0000
vn -0.9808 -0.1951 -0.0000
vn -0.9808 0.1951 -0.0000
vn -0.8315 0.5556 -0.0000
vn -0.0000 -0.0000 1.0000
vn -0.5556 0.8315 -0.0000
vn -0.1951 0.9808 -0.0000
vn -0.0000 -0.0000 -1.0000
vt 1.000000 0.500000
vt 1.000000 1.000000
vt 0.937500 1.000000
vt 0.937500 0.500000
vt 0.875000 1.000000
vt 0.875000 0.500000
vt 0.812500 1.000000
vt 0.812500 0.500000
vt 0.750000 1.000000
vt 0.750000 0.500000
vt 0.687500 1.000000
vt 0.687500 0.500000
vt 0.625000 1.000000
vt 0.625000 0.500000
vt 0.562500 1.000000
vt 0.562500 0.500000
vt 0.500000 1.000000
vt 0.500000 0.500000
vt 0.437500 1.000000
vt 0.437500 0.500000
vt 0.375000 1.000000
vt 0.375000 0.500000
vt 0.312500 1.000000
vt 0.312500 0.500000
vt 0.250000 1.000000
vt 0.250000 0.500000
vt 0.187500 1.000000
vt 0.187500 0.500000
vt 0.125000 1.000000
vt 0.125000 0.500000
vt 0.341844 0.471731
vt 0.250000 0.490000
vt 0.158156 0.471731
vt 0.080294 0.419706
vt 0.028269 0.341844
vt 0.010000 0.250000
vt 0.028269 0.158156
vt 0.080294 0.080294
vt 0.158156 0.028269
vt 0.250000 0.010000
vt 0.341844 0.028269
vt 0.419706 0.080294
vt 0.471731 0.158156
vt 0.490000 0.250000
vt 0.471731 0.341844
vt 0.419706 0.419706
vt 0.062500 1.000000
vt 0.062500 0.500000
vt 0.000000 1.000000
vt 0.000000 0.500000
vt 0.750000 0.490000
vt 0.841844 0.471731
vt 0.919706 0.419706
vt 0.971731 0.341844
vt 0.990000 0.250000
vt 0.971731 0.158156
vt 0.919706 0.080294
vt 0.841844 0.028269
vt 0.750000 0.010000
vt 0.658156 0.028269
vt 0.580294 0.080294
vt 0.528269 0.158156
vt 0.510000 0.250000
vt 0.528269 0.341844
vt 0.580294 0.419706
vt 0.658156 0.471731
s 0
usemtl Dark
f 1033/1581/863 1034/1582/863 1036/1583/863 1035/1584/863
f 1035/1584/864 1036/1583/864 1038/1585/864 1037/1586/864
f 1037/1586/865 1038/1585/865 1040/1587/865 1039/1588/865
f 1039/1588/866 1040/1587/866 1042/1589/866 1041/1590/866
f 1041/1590/867 1042/1589/867 1044/1591/867 1043/1592/867
f 1043/1592/868 1044/1591/868 1046/1593/868 1045/1594/868
f 1045/1594/869 1046/1593/869 1048/1595/869 1047/1596/869
f 1047/1596/870 1048/1595/870 1050/1597/870 1049/1598/870
f 1049/1598/871 1050/1597/871 1052/1599/871 1051/1600/871
f 1051/1600/872 1052/1599/872 1054/1601/872 1053/1602/872
f 1053/1602/873 1054/1601/873 1056/1603/873 1055/1604/873
f 1055/1604/874 1056/1603/874 1058/1605/874 1057/1606/874
f 1057/1606/875 1058/1605/875 1060/1607/875 1059/1608/875
f 1059/1608/876 1060/1607/876 1062/1609/876 1061/1610/876
f 1036/1611/877 1034/1612/877 1064/1613/877 1062/1614/877 1060/1615/877 1058/1616/877 1056/1617/877 1054/1618/877 1052/1619/877 1050/1620/877 1048/1621/877 1046/1622/877 1044/1623/877 1042/1624/877 1040/1625/877 1038/1626/877
f 1061/1610/878 1062/1609/878 1064/1627/878 1063/1628/878
f 1063/1628/879 1064/1627/879 1034/1629/879 1033/1630/879
f 1033/1631/880 1035/1632/880 1037/1633/880 1039/1634/880 1041/1635/880 1043/1636/880 1045/1637/880 1047/1638/880 1049/1639/880 1051/1640/880 1053/1641/880 1055/1642/880 1057/1643/880 1059/1644/880 1061/1645/880 1063/1646/880
o ScopeLens
v 0.000000 2.450000 -0.455000
v 0.000000 2.450000 -0.405000
v 0.045922 2.440866 -0.455000
v 0.045922 2.440866 -0.405000
v 0.084853 2.414853 -0.455000
v 0.084853 2.414853 -0.405000
v 0.110866 2.375922 -0.455000
v 0.110866 2.375922 -0.405000
v 0.120000 2.330000 -0.455000
v 0.120000 2.330000 -0.405000
v 0.110866 2.284078 -0.455000
v 0.110866 2.284078 -0.405000
v 0.084853 2.245147 -0.455000
v 0.084853 2.245147 -0.405000
v 0.045922 2.219134 -0.455000
v 0.045922 2.219134 -0.405000
v 0.000000 2.210000 -0.455000
v 0.000000 2.210000 -0.405000
v -0.045922 2.219134 -0.455000
v -0.045922 2.219134 -0.405000
v -0.084853 2.245147 -0.455000
v -0.084853 2.245147 -0.405000
v -0.110866 2.284078 -0.455000
v -0.110866 2.284078 -0.405000
v -0.120000 2.330000 -0.455000
v -0.120000 2.330000 -0.405000
v -0.110866 2.375922 -0.455000
v -0.110866 2.375922 -0.405000
v -0.084853 2.414853 -0.455000
v -0.084853 2.414853 -0.405000
v -0.045922 2.440866 -0.455000
v -0.045922 2.440866 -0.405000
vn 0.1951 0.9808 -0.0000
vn 0.5556 0.8315 -0.0000
vn 0.8315 0.5556 -0.0000
vn 0.9808 0.1951 -0.0000
vn 0.9808 -0.1951 -0.0000
vn 0.8315 -0.5556 -0.0000
vn 0.5556 -0.8315 -0.0000
vn 0.1951 -0.9808 -0.0000
vn -0.1951 -0.9808 -0.0000
vn -0.5556 -0.8315 -0.0000
vn -0.8315 -0.5556 -0.0000
vn -0.9808 -0.1951 -0.0000
vn -0.9808 0.1951 -0.0000
vn -0.8315 0.5556 -0.0000
vn -0.0000 -0.0000 1.0000
vn -0.5556 0.8315 -0.0000
vn -0.1951 0.9808 -0.0000
vn -0.0000 -0.0000 -1.0000
vt 1.000000 0.500000
vt 1.000000 1.000000
vt 0.937500 1.000000
vt 0.937500 0.500000
vt 0.875000 1.000000
vt 0.875000 0.500000
vt 0.812500 1.000000
vt 0.812500 0.500000
vt 0.750000 1.000000
vt 0.750000 0.500000
vt 0.687500 1.000000
vt 0.687500 0.500000
vt 0.625000 1.000000
vt 0.625000 0.500000
vt 0.562500 1.000000
vt 0.562500 0.500000
vt 0.500000 1.000000
vt 0.500000 0.500000
vt 0.437500 1.000000
vt 0.437500 0.500000
vt 0.375000 1.000000
vt 0.375000 0.500000
vt 0.312500 1.000000
vt 0.312500 0.500000
vt 0.250000 1.000000
vt 0.250000 0.500000
vt 0.187500 1.000000
vt 0.187500 0.500000
vt 0.125000 1.000000
vt 0.125000 0.500000
vt 0.341844 0.471731
vt 0.250000 0.490000
vt 0.158156 0.471731
vt 0.080294 0.419706
vt 0.028269 0.341844
vt 0.010000 0.250000
vt 0.028269 0.158156
vt 0.080294 0.080294
vt 0.158156 0.028269
vt 0.250000 0.010000
vt 0.341844 0.028269
vt 0.419706 0.080294
vt 0.471731 0.158156
vt 0.490000 0.250000
vt 0.471731 0.341844
vt 0.419706 0.419706
vt 0.062500 1.000000
vt 0.062500 0.500000
vt 0.000000 1.000000
vt 0.000000 0.500000
vt 0.750000 0.490000
vt 0.841844 0.471731
vt 0.919706 0.419706
vt 0.971731 0.341844
vt 0.990000 0.250000
vt 0.971731 0.158156
vt 0.919706 0.080294
vt 0.841844 0.028269
vt 0.750000 0.010000
vt 0.658156 0.028269
vt 0.580294 0.080294
vt 0.528269 0.158156
vt 0.510000 0.250000
vt 0.528269 0.341844
vt 0.580294 0.419706
vt 0.658156 0.471731
s 0
usemtl Glow
f 1065/1647/881 1066/1648/881 1068/1649/881 1067/1650/881
f 1067/1650/882 1068/1649/882 1070/1651/882 1069/1652/882
f 1069/1652/883 1070/1651/883 1072/1653/883 1071/1654/883
f 1071/1654/884 1072/1653/884 1074/1655/884 1073/1656/884
f 1073/1656/885 1074/1655/885 1076/1657/885 1075/1658/885
f 1075/1658/886 1076/1657/886 1078/1659/886 1077/1660/886
f 1077/1660/887 1078/1659/887 1080/1661/887 1079/1662/887
f 1079/1662/888 1080/1661/888 1082/1663/888 1081/1664/888
f 1081/1664/889 1082/1663/889 1084/1665/889 1083/1666/889
f 1083/1666/890 1084/1665/890 1086/1667/890 1085/1668/890
f 1085/1668/891 1086/1667/891 1088/1669/891 1087/1670/891
f 1087/1670/892 1088/1669/892 1090/1671/892 1089/1672/892
f 1089/1672/893 1090/1671/893 1092/1673/893 1091/1674/893
f 1091/1674/894 1092/1673/894 1094/1675/894 1093/1676/894
f 1068/1677/895 1066/1678/895 1096/1679/895 1094/1680/895 1092/1681/895 1090/1682/895 1088/1683/895 1086/1684/895 1084/1685/895 1082/1686/895 1080/1687/895 1078/1688/895 1076/1689/895 1074/1690/895 1072/1691/895 1070/1692/895
f 1093/1676/896 1094/1675/896 1096/1693/896 1095/1694/896
f 1095/1694/897 1096/1693/897 1066/1695/897 1065/1696/897
f 1065/1697/898 1067/1698/898 1069/1699/898 1071/1700/898 1073/1701/898 1075/1702/898 1077/1703/898 1079/1704/898 1081/1705/898 1083/1706/898 1085/1707/898 1087/1708/898 1089/1709/898 1091/1710/898 1093/1711/898 1095/1712/898
